ISO-10303-21;
HEADER;
/* Generated by software containing ST-Developer
 * from STEP Tools, Inc. (www.steptools.com) 
 */

FILE_DESCRIPTION(
/* description */ (''),
/* implementation_level */ '2;1');

FILE_NAME(
/* name */ 'FINAL BRAILLE TOP.step',
/* time_stamp */ '2026-09-10T17:21:43+06:00',
/* author */ (''),
/* organization */ (''),
/* preprocessor_version */ 'ST-DEVELOPER v20.2',
/* originating_system */ 'Autodesk Translation Framework v15.15.0.0',
/* authorisation */ '');

FILE_SCHEMA (('AUTOMOTIVE_DESIGN { 1 0 10303 214 3 1 1 }'));
ENDSEC;

DATA;
#10=MECHANICAL_DESIGN_GEOMETRIC_PRESENTATION_REPRESENTATION('',(#13),#4087);
#11=SHAPE_REPRESENTATION_RELATIONSHIP('SRR','None',#4094,#12);
#12=ADVANCED_BREP_SHAPE_REPRESENTATION('',(#14),#4086);
#13=STYLED_ITEM('',(#4103),#14);
#14=MANIFOLD_SOLID_BREP('Body2',#2563);
#15=FACE_BOUND('',#202,.T.);
#16=FACE_BOUND('',#308,.T.);
#17=FACE_BOUND('',#309,.T.);
#18=FACE_BOUND('',#310,.T.);
#19=FACE_BOUND('',#311,.T.);
#20=FACE_BOUND('',#312,.T.);
#21=FACE_BOUND('',#313,.T.);
#22=FACE_BOUND('',#314,.T.);
#23=FACE_BOUND('',#315,.T.);
#24=FACE_BOUND('',#325,.T.);
#25=FACE_BOUND('',#326,.T.);
#26=FACE_BOUND('',#327,.T.);
#27=FACE_BOUND('',#328,.T.);
#28=FACE_BOUND('',#329,.T.);
#29=FACE_BOUND('',#330,.T.);
#30=FACE_BOUND('',#331,.T.);
#31=FACE_BOUND('',#332,.T.);
#32=FACE_BOUND('',#334,.T.);
#33=CIRCLE('',#2579,10.);
#34=CIRCLE('',#2580,10.);
#35=CIRCLE('',#2583,10.);
#36=CIRCLE('',#2584,10.);
#37=CIRCLE('',#2587,10.);
#38=CIRCLE('',#2588,10.);
#39=CIRCLE('',#2591,9.99999999999997);
#40=CIRCLE('',#2592,9.99999999999997);
#41=CIRCLE('',#2594,9.5);
#42=CIRCLE('',#2595,9.49999999999999);
#43=CIRCLE('',#2596,9.49999999999999);
#44=CIRCLE('',#2597,9.49999999999999);
#45=CIRCLE('',#2600,9.49999999999999);
#46=CIRCLE('',#2603,9.5);
#47=CIRCLE('',#2702,9.49999999999999);
#48=CIRCLE('',#2705,9.49999999999999);
#49=CIRCLE('',#2709,12.);
#50=CIRCLE('',#2710,12.);
#51=CIRCLE('',#2713,12.);
#52=CIRCLE('',#2714,12.);
#53=CIRCLE('',#2717,12.);
#54=CIRCLE('',#2718,12.);
#55=CIRCLE('',#2721,12.);
#56=CIRCLE('',#2722,12.);
#57=CYLINDRICAL_SURFACE('',#2578,10.);
#58=CYLINDRICAL_SURFACE('',#2582,10.);
#59=CYLINDRICAL_SURFACE('',#2586,10.);
#60=CYLINDRICAL_SURFACE('',#2590,9.99999999999997);
#61=CYLINDRICAL_SURFACE('',#2599,9.49999999999999);
#62=CYLINDRICAL_SURFACE('',#2602,9.5);
#63=CYLINDRICAL_SURFACE('',#2701,9.49999999999999);
#64=CYLINDRICAL_SURFACE('',#2704,9.49999999999999);
#65=CYLINDRICAL_SURFACE('',#2708,12.);
#66=CYLINDRICAL_SURFACE('',#2712,12.);
#67=CYLINDRICAL_SURFACE('',#2716,12.);
#68=CYLINDRICAL_SURFACE('',#2720,12.);
#69=FACE_OUTER_BOUND('',#193,.T.);
#70=FACE_OUTER_BOUND('',#194,.T.);
#71=FACE_OUTER_BOUND('',#195,.T.);
#72=FACE_OUTER_BOUND('',#196,.T.);
#73=FACE_OUTER_BOUND('',#197,.T.);
#74=FACE_OUTER_BOUND('',#198,.T.);
#75=FACE_OUTER_BOUND('',#199,.T.);
#76=FACE_OUTER_BOUND('',#200,.T.);
#77=FACE_OUTER_BOUND('',#201,.T.);
#78=FACE_OUTER_BOUND('',#203,.T.);
#79=FACE_OUTER_BOUND('',#204,.T.);
#80=FACE_OUTER_BOUND('',#205,.T.);
#81=FACE_OUTER_BOUND('',#206,.T.);
#82=FACE_OUTER_BOUND('',#207,.T.);
#83=FACE_OUTER_BOUND('',#208,.T.);
#84=FACE_OUTER_BOUND('',#209,.T.);
#85=FACE_OUTER_BOUND('',#210,.T.);
#86=FACE_OUTER_BOUND('',#211,.T.);
#87=FACE_OUTER_BOUND('',#212,.T.);
#88=FACE_OUTER_BOUND('',#213,.T.);
#89=FACE_OUTER_BOUND('',#214,.T.);
#90=FACE_OUTER_BOUND('',#215,.T.);
#91=FACE_OUTER_BOUND('',#216,.T.);
#92=FACE_OUTER_BOUND('',#217,.T.);
#93=FACE_OUTER_BOUND('',#218,.T.);
#94=FACE_OUTER_BOUND('',#219,.T.);
#95=FACE_OUTER_BOUND('',#220,.T.);
#96=FACE_OUTER_BOUND('',#221,.T.);
#97=FACE_OUTER_BOUND('',#222,.T.);
#98=FACE_OUTER_BOUND('',#223,.T.);
#99=FACE_OUTER_BOUND('',#224,.T.);
#100=FACE_OUTER_BOUND('',#225,.T.);
#101=FACE_OUTER_BOUND('',#226,.T.);
#102=FACE_OUTER_BOUND('',#227,.T.);
#103=FACE_OUTER_BOUND('',#228,.T.);
#104=FACE_OUTER_BOUND('',#229,.T.);
#105=FACE_OUTER_BOUND('',#230,.T.);
#106=FACE_OUTER_BOUND('',#231,.T.);
#107=FACE_OUTER_BOUND('',#232,.T.);
#108=FACE_OUTER_BOUND('',#233,.T.);
#109=FACE_OUTER_BOUND('',#234,.T.);
#110=FACE_OUTER_BOUND('',#235,.T.);
#111=FACE_OUTER_BOUND('',#236,.T.);
#112=FACE_OUTER_BOUND('',#237,.T.);
#113=FACE_OUTER_BOUND('',#238,.T.);
#114=FACE_OUTER_BOUND('',#239,.T.);
#115=FACE_OUTER_BOUND('',#240,.T.);
#116=FACE_OUTER_BOUND('',#241,.T.);
#117=FACE_OUTER_BOUND('',#242,.T.);
#118=FACE_OUTER_BOUND('',#243,.T.);
#119=FACE_OUTER_BOUND('',#244,.T.);
#120=FACE_OUTER_BOUND('',#245,.T.);
#121=FACE_OUTER_BOUND('',#246,.T.);
#122=FACE_OUTER_BOUND('',#247,.T.);
#123=FACE_OUTER_BOUND('',#248,.T.);
#124=FACE_OUTER_BOUND('',#249,.T.);
#125=FACE_OUTER_BOUND('',#250,.T.);
#126=FACE_OUTER_BOUND('',#251,.T.);
#127=FACE_OUTER_BOUND('',#252,.T.);
#128=FACE_OUTER_BOUND('',#253,.T.);
#129=FACE_OUTER_BOUND('',#254,.T.);
#130=FACE_OUTER_BOUND('',#255,.T.);
#131=FACE_OUTER_BOUND('',#256,.T.);
#132=FACE_OUTER_BOUND('',#257,.T.);
#133=FACE_OUTER_BOUND('',#258,.T.);
#134=FACE_OUTER_BOUND('',#259,.T.);
#135=FACE_OUTER_BOUND('',#260,.T.);
#136=FACE_OUTER_BOUND('',#261,.T.);
#137=FACE_OUTER_BOUND('',#262,.T.);
#138=FACE_OUTER_BOUND('',#263,.T.);
#139=FACE_OUTER_BOUND('',#264,.T.);
#140=FACE_OUTER_BOUND('',#265,.T.);
#141=FACE_OUTER_BOUND('',#266,.T.);
#142=FACE_OUTER_BOUND('',#267,.T.);
#143=FACE_OUTER_BOUND('',#268,.T.);
#144=FACE_OUTER_BOUND('',#269,.T.);
#145=FACE_OUTER_BOUND('',#270,.T.);
#146=FACE_OUTER_BOUND('',#271,.T.);
#147=FACE_OUTER_BOUND('',#272,.T.);
#148=FACE_OUTER_BOUND('',#273,.T.);
#149=FACE_OUTER_BOUND('',#274,.T.);
#150=FACE_OUTER_BOUND('',#275,.T.);
#151=FACE_OUTER_BOUND('',#276,.T.);
#152=FACE_OUTER_BOUND('',#277,.T.);
#153=FACE_OUTER_BOUND('',#278,.T.);
#154=FACE_OUTER_BOUND('',#279,.T.);
#155=FACE_OUTER_BOUND('',#280,.T.);
#156=FACE_OUTER_BOUND('',#281,.T.);
#157=FACE_OUTER_BOUND('',#282,.T.);
#158=FACE_OUTER_BOUND('',#283,.T.);
#159=FACE_OUTER_BOUND('',#284,.T.);
#160=FACE_OUTER_BOUND('',#285,.T.);
#161=FACE_OUTER_BOUND('',#286,.T.);
#162=FACE_OUTER_BOUND('',#287,.T.);
#163=FACE_OUTER_BOUND('',#288,.T.);
#164=FACE_OUTER_BOUND('',#289,.T.);
#165=FACE_OUTER_BOUND('',#290,.T.);
#166=FACE_OUTER_BOUND('',#291,.T.);
#167=FACE_OUTER_BOUND('',#292,.T.);
#168=FACE_OUTER_BOUND('',#293,.T.);
#169=FACE_OUTER_BOUND('',#294,.T.);
#170=FACE_OUTER_BOUND('',#295,.T.);
#171=FACE_OUTER_BOUND('',#296,.T.);
#172=FACE_OUTER_BOUND('',#297,.T.);
#173=FACE_OUTER_BOUND('',#298,.T.);
#174=FACE_OUTER_BOUND('',#299,.T.);
#175=FACE_OUTER_BOUND('',#300,.T.);
#176=FACE_OUTER_BOUND('',#301,.T.);
#177=FACE_OUTER_BOUND('',#302,.T.);
#178=FACE_OUTER_BOUND('',#303,.T.);
#179=FACE_OUTER_BOUND('',#304,.T.);
#180=FACE_OUTER_BOUND('',#305,.T.);
#181=FACE_OUTER_BOUND('',#306,.T.);
#182=FACE_OUTER_BOUND('',#307,.T.);
#183=FACE_OUTER_BOUND('',#316,.T.);
#184=FACE_OUTER_BOUND('',#317,.T.);
#185=FACE_OUTER_BOUND('',#318,.T.);
#186=FACE_OUTER_BOUND('',#319,.T.);
#187=FACE_OUTER_BOUND('',#320,.T.);
#188=FACE_OUTER_BOUND('',#321,.T.);
#189=FACE_OUTER_BOUND('',#322,.T.);
#190=FACE_OUTER_BOUND('',#323,.T.);
#191=FACE_OUTER_BOUND('',#324,.T.);
#192=FACE_OUTER_BOUND('',#333,.T.);
#193=EDGE_LOOP('',(#1607,#1608,#1609,#1610));
#194=EDGE_LOOP('',(#1611,#1612,#1613,#1614));
#195=EDGE_LOOP('',(#1615,#1616,#1617,#1618));
#196=EDGE_LOOP('',(#1619,#1620,#1621,#1622));
#197=EDGE_LOOP('',(#1623,#1624,#1625,#1626));
#198=EDGE_LOOP('',(#1627,#1628,#1629,#1630));
#199=EDGE_LOOP('',(#1631,#1632,#1633,#1634));
#200=EDGE_LOOP('',(#1635,#1636,#1637,#1638));
#201=EDGE_LOOP('',(#1639,#1640,#1641,#1642,#1643,#1644,#1645,#1646));
#202=EDGE_LOOP('',(#1647,#1648,#1649,#1650,#1651,#1652,#1653,#1654));
#203=EDGE_LOOP('',(#1655,#1656,#1657,#1658));
#204=EDGE_LOOP('',(#1659,#1660,#1661,#1662));
#205=EDGE_LOOP('',(#1663,#1664,#1665,#1666));
#206=EDGE_LOOP('',(#1667,#1668,#1669,#1670));
#207=EDGE_LOOP('',(#1671,#1672,#1673,#1674));
#208=EDGE_LOOP('',(#1675,#1676,#1677,#1678));
#209=EDGE_LOOP('',(#1679,#1680,#1681,#1682));
#210=EDGE_LOOP('',(#1683,#1684,#1685,#1686));
#211=EDGE_LOOP('',(#1687,#1688,#1689,#1690));
#212=EDGE_LOOP('',(#1691,#1692,#1693,#1694));
#213=EDGE_LOOP('',(#1695,#1696,#1697,#1698));
#214=EDGE_LOOP('',(#1699,#1700,#1701,#1702));
#215=EDGE_LOOP('',(#1703,#1704,#1705,#1706));
#216=EDGE_LOOP('',(#1707,#1708,#1709,#1710));
#217=EDGE_LOOP('',(#1711,#1712,#1713,#1714));
#218=EDGE_LOOP('',(#1715,#1716,#1717,#1718));
#219=EDGE_LOOP('',(#1719,#1720,#1721,#1722));
#220=EDGE_LOOP('',(#1723,#1724,#1725,#1726));
#221=EDGE_LOOP('',(#1727,#1728,#1729,#1730));
#222=EDGE_LOOP('',(#1731,#1732,#1733,#1734));
#223=EDGE_LOOP('',(#1735,#1736,#1737,#1738));
#224=EDGE_LOOP('',(#1739,#1740,#1741,#1742));
#225=EDGE_LOOP('',(#1743,#1744,#1745,#1746));
#226=EDGE_LOOP('',(#1747,#1748,#1749,#1750));
#227=EDGE_LOOP('',(#1751,#1752,#1753,#1754));
#228=EDGE_LOOP('',(#1755,#1756,#1757,#1758));
#229=EDGE_LOOP('',(#1759,#1760,#1761,#1762));
#230=EDGE_LOOP('',(#1763,#1764,#1765,#1766));
#231=EDGE_LOOP('',(#1767,#1768,#1769,#1770));
#232=EDGE_LOOP('',(#1771,#1772,#1773,#1774));
#233=EDGE_LOOP('',(#1775,#1776,#1777,#1778));
#234=EDGE_LOOP('',(#1779,#1780,#1781,#1782));
#235=EDGE_LOOP('',(#1783,#1784,#1785,#1786));
#236=EDGE_LOOP('',(#1787,#1788,#1789,#1790));
#237=EDGE_LOOP('',(#1791,#1792,#1793,#1794));
#238=EDGE_LOOP('',(#1795,#1796,#1797,#1798));
#239=EDGE_LOOP('',(#1799,#1800,#1801,#1802));
#240=EDGE_LOOP('',(#1803,#1804,#1805,#1806));
#241=EDGE_LOOP('',(#1807,#1808,#1809,#1810));
#242=EDGE_LOOP('',(#1811,#1812,#1813,#1814));
#243=EDGE_LOOP('',(#1815,#1816,#1817,#1818));
#244=EDGE_LOOP('',(#1819,#1820,#1821,#1822));
#245=EDGE_LOOP('',(#1823,#1824,#1825,#1826));
#246=EDGE_LOOP('',(#1827,#1828,#1829,#1830));
#247=EDGE_LOOP('',(#1831,#1832,#1833,#1834));
#248=EDGE_LOOP('',(#1835,#1836,#1837,#1838));
#249=EDGE_LOOP('',(#1839,#1840,#1841,#1842));
#250=EDGE_LOOP('',(#1843,#1844,#1845,#1846));
#251=EDGE_LOOP('',(#1847,#1848,#1849,#1850));
#252=EDGE_LOOP('',(#1851,#1852,#1853,#1854));
#253=EDGE_LOOP('',(#1855,#1856,#1857,#1858));
#254=EDGE_LOOP('',(#1859,#1860,#1861,#1862));
#255=EDGE_LOOP('',(#1863,#1864,#1865,#1866));
#256=EDGE_LOOP('',(#1867,#1868,#1869,#1870));
#257=EDGE_LOOP('',(#1871,#1872,#1873,#1874));
#258=EDGE_LOOP('',(#1875,#1876,#1877,#1878));
#259=EDGE_LOOP('',(#1879,#1880,#1881,#1882));
#260=EDGE_LOOP('',(#1883,#1884,#1885,#1886));
#261=EDGE_LOOP('',(#1887,#1888,#1889,#1890));
#262=EDGE_LOOP('',(#1891,#1892,#1893,#1894));
#263=EDGE_LOOP('',(#1895,#1896,#1897,#1898));
#264=EDGE_LOOP('',(#1899,#1900,#1901,#1902));
#265=EDGE_LOOP('',(#1903,#1904,#1905,#1906));
#266=EDGE_LOOP('',(#1907,#1908,#1909,#1910));
#267=EDGE_LOOP('',(#1911,#1912,#1913,#1914));
#268=EDGE_LOOP('',(#1915,#1916,#1917,#1918));
#269=EDGE_LOOP('',(#1919,#1920,#1921,#1922));
#270=EDGE_LOOP('',(#1923,#1924,#1925,#1926));
#271=EDGE_LOOP('',(#1927,#1928,#1929,#1930));
#272=EDGE_LOOP('',(#1931,#1932,#1933,#1934));
#273=EDGE_LOOP('',(#1935,#1936,#1937,#1938));
#274=EDGE_LOOP('',(#1939,#1940,#1941,#1942));
#275=EDGE_LOOP('',(#1943,#1944,#1945,#1946));
#276=EDGE_LOOP('',(#1947,#1948,#1949,#1950));
#277=EDGE_LOOP('',(#1951,#1952,#1953,#1954));
#278=EDGE_LOOP('',(#1955,#1956,#1957,#1958));
#279=EDGE_LOOP('',(#1959,#1960,#1961,#1962));
#280=EDGE_LOOP('',(#1963,#1964,#1965,#1966));
#281=EDGE_LOOP('',(#1967,#1968,#1969,#1970));
#282=EDGE_LOOP('',(#1971,#1972,#1973,#1974));
#283=EDGE_LOOP('',(#1975,#1976,#1977,#1978));
#284=EDGE_LOOP('',(#1979,#1980,#1981,#1982));
#285=EDGE_LOOP('',(#1983,#1984,#1985,#1986));
#286=EDGE_LOOP('',(#1987,#1988,#1989,#1990));
#287=EDGE_LOOP('',(#1991,#1992,#1993,#1994));
#288=EDGE_LOOP('',(#1995,#1996,#1997,#1998));
#289=EDGE_LOOP('',(#1999,#2000,#2001,#2002));
#290=EDGE_LOOP('',(#2003,#2004,#2005,#2006));
#291=EDGE_LOOP('',(#2007,#2008,#2009,#2010));
#292=EDGE_LOOP('',(#2011,#2012,#2013,#2014));
#293=EDGE_LOOP('',(#2015,#2016,#2017,#2018));
#294=EDGE_LOOP('',(#2019,#2020,#2021,#2022));
#295=EDGE_LOOP('',(#2023,#2024,#2025,#2026));
#296=EDGE_LOOP('',(#2027,#2028,#2029,#2030));
#297=EDGE_LOOP('',(#2031,#2032,#2033,#2034));
#298=EDGE_LOOP('',(#2035,#2036,#2037,#2038));
#299=EDGE_LOOP('',(#2039,#2040,#2041,#2042));
#300=EDGE_LOOP('',(#2043,#2044,#2045,#2046));
#301=EDGE_LOOP('',(#2047,#2048,#2049,#2050));
#302=EDGE_LOOP('',(#2051,#2052,#2053,#2054));
#303=EDGE_LOOP('',(#2055,#2056,#2057,#2058));
#304=EDGE_LOOP('',(#2059,#2060,#2061,#2062));
#305=EDGE_LOOP('',(#2063,#2064,#2065,#2066));
#306=EDGE_LOOP('',(#2067,#2068,#2069,#2070));
#307=EDGE_LOOP('',(#2071,#2072,#2073,#2074,#2075,#2076,#2077,#2078));
#308=EDGE_LOOP('',(#2079,#2080,#2081,#2082,#2083,#2084,#2085,#2086,#2087,
#2088,#2089,#2090));
#309=EDGE_LOOP('',(#2091,#2092,#2093,#2094,#2095,#2096,#2097,#2098,#2099,
#2100,#2101,#2102));
#310=EDGE_LOOP('',(#2103,#2104,#2105,#2106,#2107,#2108,#2109,#2110,#2111,
#2112,#2113,#2114));
#311=EDGE_LOOP('',(#2115,#2116,#2117,#2118,#2119,#2120,#2121,#2122,#2123,
#2124,#2125,#2126));
#312=EDGE_LOOP('',(#2127,#2128,#2129,#2130,#2131,#2132,#2133,#2134,#2135,
#2136,#2137,#2138));
#313=EDGE_LOOP('',(#2139,#2140,#2141,#2142,#2143,#2144,#2145,#2146,#2147,
#2148,#2149,#2150));
#314=EDGE_LOOP('',(#2151,#2152,#2153,#2154,#2155,#2156,#2157,#2158,#2159,
#2160,#2161,#2162));
#315=EDGE_LOOP('',(#2163,#2164,#2165,#2166,#2167,#2168,#2169,#2170,#2171,
#2172,#2173,#2174));
#316=EDGE_LOOP('',(#2175,#2176,#2177,#2178));
#317=EDGE_LOOP('',(#2179,#2180,#2181,#2182));
#318=EDGE_LOOP('',(#2183,#2184,#2185,#2186));
#319=EDGE_LOOP('',(#2187,#2188,#2189,#2190));
#320=EDGE_LOOP('',(#2191,#2192,#2193,#2194));
#321=EDGE_LOOP('',(#2195,#2196,#2197,#2198));
#322=EDGE_LOOP('',(#2199,#2200,#2201,#2202));
#323=EDGE_LOOP('',(#2203,#2204,#2205,#2206));
#324=EDGE_LOOP('',(#2207,#2208,#2209,#2210,#2211,#2212,#2213,#2214));
#325=EDGE_LOOP('',(#2215,#2216,#2217,#2218,#2219,#2220,#2221,#2222,#2223,
#2224,#2225,#2226));
#326=EDGE_LOOP('',(#2227,#2228,#2229,#2230,#2231,#2232,#2233,#2234,#2235,
#2236,#2237,#2238));
#327=EDGE_LOOP('',(#2239,#2240,#2241,#2242,#2243,#2244,#2245,#2246,#2247,
#2248,#2249,#2250));
#328=EDGE_LOOP('',(#2251,#2252,#2253,#2254,#2255,#2256,#2257,#2258,#2259,
#2260,#2261,#2262));
#329=EDGE_LOOP('',(#2263,#2264,#2265,#2266,#2267,#2268,#2269,#2270,#2271,
#2272,#2273,#2274));
#330=EDGE_LOOP('',(#2275,#2276,#2277,#2278,#2279,#2280,#2281,#2282,#2283,
#2284,#2285,#2286));
#331=EDGE_LOOP('',(#2287,#2288,#2289,#2290,#2291,#2292,#2293,#2294,#2295,
#2296,#2297,#2298));
#332=EDGE_LOOP('',(#2299,#2300,#2301,#2302,#2303,#2304,#2305,#2306,#2307,
#2308,#2309,#2310));
#333=EDGE_LOOP('',(#2311,#2312,#2313,#2314,#2315,#2316,#2317,#2318));
#334=EDGE_LOOP('',(#2319,#2320,#2321,#2322,#2323,#2324,#2325,#2326));
#335=LINE('',#3363,#671);
#336=LINE('',#3365,#672);
#337=LINE('',#3367,#673);
#338=LINE('',#3368,#674);
#339=LINE('',#3373,#675);
#340=LINE('',#3377,#676);
#341=LINE('',#3379,#677);
#342=LINE('',#3380,#678);
#343=LINE('',#3385,#679);
#344=LINE('',#3389,#680);
#345=LINE('',#3391,#681);
#346=LINE('',#3392,#682);
#347=LINE('',#3397,#683);
#348=LINE('',#3401,#684);
#349=LINE('',#3403,#685);
#350=LINE('',#3404,#686);
#351=LINE('',#3413,#687);
#352=LINE('',#3417,#688);
#353=LINE('',#3421,#689);
#354=LINE('',#3424,#690);
#355=LINE('',#3427,#691);
#356=LINE('',#3429,#692);
#357=LINE('',#3430,#693);
#358=LINE('',#3433,#694);
#359=LINE('',#3437,#695);
#360=LINE('',#3438,#696);
#361=LINE('',#3441,#697);
#362=LINE('',#3446,#698);
#363=LINE('',#3448,#699);
#364=LINE('',#3450,#700);
#365=LINE('',#3451,#701);
#366=LINE('',#3454,#702);
#367=LINE('',#3456,#703);
#368=LINE('',#3457,#704);
#369=LINE('',#3460,#705);
#370=LINE('',#3462,#706);
#371=LINE('',#3463,#707);
#372=LINE('',#3466,#708);
#373=LINE('',#3468,#709);
#374=LINE('',#3469,#710);
#375=LINE('',#3472,#711);
#376=LINE('',#3474,#712);
#377=LINE('',#3475,#713);
#378=LINE('',#3478,#714);
#379=LINE('',#3480,#715);
#380=LINE('',#3481,#716);
#381=LINE('',#3484,#717);
#382=LINE('',#3486,#718);
#383=LINE('',#3487,#719);
#384=LINE('',#3490,#720);
#385=LINE('',#3492,#721);
#386=LINE('',#3493,#722);
#387=LINE('',#3496,#723);
#388=LINE('',#3498,#724);
#389=LINE('',#3499,#725);
#390=LINE('',#3502,#726);
#391=LINE('',#3504,#727);
#392=LINE('',#3505,#728);
#393=LINE('',#3508,#729);
#394=LINE('',#3510,#730);
#395=LINE('',#3511,#731);
#396=LINE('',#3513,#732);
#397=LINE('',#3514,#733);
#398=LINE('',#3518,#734);
#399=LINE('',#3520,#735);
#400=LINE('',#3522,#736);
#401=LINE('',#3523,#737);
#402=LINE('',#3526,#738);
#403=LINE('',#3528,#739);
#404=LINE('',#3529,#740);
#405=LINE('',#3532,#741);
#406=LINE('',#3534,#742);
#407=LINE('',#3535,#743);
#408=LINE('',#3538,#744);
#409=LINE('',#3540,#745);
#410=LINE('',#3541,#746);
#411=LINE('',#3544,#747);
#412=LINE('',#3546,#748);
#413=LINE('',#3547,#749);
#414=LINE('',#3550,#750);
#415=LINE('',#3552,#751);
#416=LINE('',#3553,#752);
#417=LINE('',#3556,#753);
#418=LINE('',#3558,#754);
#419=LINE('',#3559,#755);
#420=LINE('',#3562,#756);
#421=LINE('',#3564,#757);
#422=LINE('',#3565,#758);
#423=LINE('',#3568,#759);
#424=LINE('',#3570,#760);
#425=LINE('',#3571,#761);
#426=LINE('',#3574,#762);
#427=LINE('',#3576,#763);
#428=LINE('',#3577,#764);
#429=LINE('',#3580,#765);
#430=LINE('',#3582,#766);
#431=LINE('',#3583,#767);
#432=LINE('',#3585,#768);
#433=LINE('',#3586,#769);
#434=LINE('',#3590,#770);
#435=LINE('',#3592,#771);
#436=LINE('',#3594,#772);
#437=LINE('',#3595,#773);
#438=LINE('',#3598,#774);
#439=LINE('',#3600,#775);
#440=LINE('',#3601,#776);
#441=LINE('',#3604,#777);
#442=LINE('',#3606,#778);
#443=LINE('',#3607,#779);
#444=LINE('',#3610,#780);
#445=LINE('',#3612,#781);
#446=LINE('',#3613,#782);
#447=LINE('',#3616,#783);
#448=LINE('',#3618,#784);
#449=LINE('',#3619,#785);
#450=LINE('',#3622,#786);
#451=LINE('',#3624,#787);
#452=LINE('',#3625,#788);
#453=LINE('',#3628,#789);
#454=LINE('',#3630,#790);
#455=LINE('',#3631,#791);
#456=LINE('',#3634,#792);
#457=LINE('',#3636,#793);
#458=LINE('',#3637,#794);
#459=LINE('',#3640,#795);
#460=LINE('',#3642,#796);
#461=LINE('',#3643,#797);
#462=LINE('',#3646,#798);
#463=LINE('',#3648,#799);
#464=LINE('',#3649,#800);
#465=LINE('',#3652,#801);
#466=LINE('',#3654,#802);
#467=LINE('',#3655,#803);
#468=LINE('',#3657,#804);
#469=LINE('',#3658,#805);
#470=LINE('',#3662,#806);
#471=LINE('',#3664,#807);
#472=LINE('',#3666,#808);
#473=LINE('',#3667,#809);
#474=LINE('',#3670,#810);
#475=LINE('',#3672,#811);
#476=LINE('',#3673,#812);
#477=LINE('',#3676,#813);
#478=LINE('',#3678,#814);
#479=LINE('',#3679,#815);
#480=LINE('',#3682,#816);
#481=LINE('',#3684,#817);
#482=LINE('',#3685,#818);
#483=LINE('',#3688,#819);
#484=LINE('',#3690,#820);
#485=LINE('',#3691,#821);
#486=LINE('',#3694,#822);
#487=LINE('',#3696,#823);
#488=LINE('',#3697,#824);
#489=LINE('',#3700,#825);
#490=LINE('',#3702,#826);
#491=LINE('',#3703,#827);
#492=LINE('',#3706,#828);
#493=LINE('',#3708,#829);
#494=LINE('',#3709,#830);
#495=LINE('',#3712,#831);
#496=LINE('',#3714,#832);
#497=LINE('',#3715,#833);
#498=LINE('',#3718,#834);
#499=LINE('',#3720,#835);
#500=LINE('',#3721,#836);
#501=LINE('',#3724,#837);
#502=LINE('',#3726,#838);
#503=LINE('',#3727,#839);
#504=LINE('',#3729,#840);
#505=LINE('',#3730,#841);
#506=LINE('',#3734,#842);
#507=LINE('',#3736,#843);
#508=LINE('',#3738,#844);
#509=LINE('',#3739,#845);
#510=LINE('',#3742,#846);
#511=LINE('',#3744,#847);
#512=LINE('',#3745,#848);
#513=LINE('',#3748,#849);
#514=LINE('',#3750,#850);
#515=LINE('',#3751,#851);
#516=LINE('',#3754,#852);
#517=LINE('',#3756,#853);
#518=LINE('',#3757,#854);
#519=LINE('',#3760,#855);
#520=LINE('',#3762,#856);
#521=LINE('',#3763,#857);
#522=LINE('',#3766,#858);
#523=LINE('',#3768,#859);
#524=LINE('',#3769,#860);
#525=LINE('',#3772,#861);
#526=LINE('',#3774,#862);
#527=LINE('',#3775,#863);
#528=LINE('',#3778,#864);
#529=LINE('',#3780,#865);
#530=LINE('',#3781,#866);
#531=LINE('',#3784,#867);
#532=LINE('',#3786,#868);
#533=LINE('',#3787,#869);
#534=LINE('',#3790,#870);
#535=LINE('',#3792,#871);
#536=LINE('',#3793,#872);
#537=LINE('',#3796,#873);
#538=LINE('',#3798,#874);
#539=LINE('',#3799,#875);
#540=LINE('',#3801,#876);
#541=LINE('',#3802,#877);
#542=LINE('',#3806,#878);
#543=LINE('',#3808,#879);
#544=LINE('',#3810,#880);
#545=LINE('',#3811,#881);
#546=LINE('',#3814,#882);
#547=LINE('',#3816,#883);
#548=LINE('',#3817,#884);
#549=LINE('',#3820,#885);
#550=LINE('',#3822,#886);
#551=LINE('',#3823,#887);
#552=LINE('',#3826,#888);
#553=LINE('',#3828,#889);
#554=LINE('',#3829,#890);
#555=LINE('',#3832,#891);
#556=LINE('',#3834,#892);
#557=LINE('',#3835,#893);
#558=LINE('',#3838,#894);
#559=LINE('',#3840,#895);
#560=LINE('',#3841,#896);
#561=LINE('',#3844,#897);
#562=LINE('',#3846,#898);
#563=LINE('',#3847,#899);
#564=LINE('',#3850,#900);
#565=LINE('',#3852,#901);
#566=LINE('',#3853,#902);
#567=LINE('',#3856,#903);
#568=LINE('',#3858,#904);
#569=LINE('',#3859,#905);
#570=LINE('',#3862,#906);
#571=LINE('',#3864,#907);
#572=LINE('',#3865,#908);
#573=LINE('',#3868,#909);
#574=LINE('',#3870,#910);
#575=LINE('',#3871,#911);
#576=LINE('',#3873,#912);
#577=LINE('',#3874,#913);
#578=LINE('',#3878,#914);
#579=LINE('',#3880,#915);
#580=LINE('',#3882,#916);
#581=LINE('',#3883,#917);
#582=LINE('',#3886,#918);
#583=LINE('',#3888,#919);
#584=LINE('',#3889,#920);
#585=LINE('',#3892,#921);
#586=LINE('',#3894,#922);
#587=LINE('',#3895,#923);
#588=LINE('',#3898,#924);
#589=LINE('',#3900,#925);
#590=LINE('',#3901,#926);
#591=LINE('',#3904,#927);
#592=LINE('',#3906,#928);
#593=LINE('',#3907,#929);
#594=LINE('',#3910,#930);
#595=LINE('',#3912,#931);
#596=LINE('',#3913,#932);
#597=LINE('',#3916,#933);
#598=LINE('',#3918,#934);
#599=LINE('',#3919,#935);
#600=LINE('',#3922,#936);
#601=LINE('',#3924,#937);
#602=LINE('',#3925,#938);
#603=LINE('',#3928,#939);
#604=LINE('',#3930,#940);
#605=LINE('',#3931,#941);
#606=LINE('',#3934,#942);
#607=LINE('',#3936,#943);
#608=LINE('',#3937,#944);
#609=LINE('',#3940,#945);
#610=LINE('',#3942,#946);
#611=LINE('',#3943,#947);
#612=LINE('',#3945,#948);
#613=LINE('',#3946,#949);
#614=LINE('',#3950,#950);
#615=LINE('',#3952,#951);
#616=LINE('',#3954,#952);
#617=LINE('',#3955,#953);
#618=LINE('',#3958,#954);
#619=LINE('',#3960,#955);
#620=LINE('',#3961,#956);
#621=LINE('',#3964,#957);
#622=LINE('',#3966,#958);
#623=LINE('',#3967,#959);
#624=LINE('',#3970,#960);
#625=LINE('',#3972,#961);
#626=LINE('',#3973,#962);
#627=LINE('',#3976,#963);
#628=LINE('',#3978,#964);
#629=LINE('',#3979,#965);
#630=LINE('',#3982,#966);
#631=LINE('',#3984,#967);
#632=LINE('',#3985,#968);
#633=LINE('',#3988,#969);
#634=LINE('',#3990,#970);
#635=LINE('',#3991,#971);
#636=LINE('',#3994,#972);
#637=LINE('',#3996,#973);
#638=LINE('',#3997,#974);
#639=LINE('',#4000,#975);
#640=LINE('',#4002,#976);
#641=LINE('',#4003,#977);
#642=LINE('',#4006,#978);
#643=LINE('',#4008,#979);
#644=LINE('',#4009,#980);
#645=LINE('',#4012,#981);
#646=LINE('',#4014,#982);
#647=LINE('',#4015,#983);
#648=LINE('',#4017,#984);
#649=LINE('',#4018,#985);
#650=LINE('',#4021,#986);
#651=LINE('',#4022,#987);
#652=LINE('',#4025,#988);
#653=LINE('',#4029,#989);
#654=LINE('',#4030,#990);
#655=LINE('',#4037,#991);
#656=LINE('',#4039,#992);
#657=LINE('',#4041,#993);
#658=LINE('',#4042,#994);
#659=LINE('',#4048,#995);
#660=LINE('',#4051,#996);
#661=LINE('',#4053,#997);
#662=LINE('',#4054,#998);
#663=LINE('',#4060,#999);
#664=LINE('',#4063,#1000);
#665=LINE('',#4065,#1001);
#666=LINE('',#4066,#1002);
#667=LINE('',#4072,#1003);
#668=LINE('',#4075,#1004);
#669=LINE('',#4077,#1005);
#670=LINE('',#4078,#1006);
#671=VECTOR('',#2729,10.);
#672=VECTOR('',#2730,10.);
#673=VECTOR('',#2731,10.);
#674=VECTOR('',#2732,10.);
#675=VECTOR('',#2737,10.);
#676=VECTOR('',#2742,10.);
#677=VECTOR('',#2743,10.);
#678=VECTOR('',#2744,10.);
#679=VECTOR('',#2749,10.);
#680=VECTOR('',#2754,10.);
#681=VECTOR('',#2755,10.);
#682=VECTOR('',#2756,10.);
#683=VECTOR('',#2761,10.);
#684=VECTOR('',#2766,10.);
#685=VECTOR('',#2767,10.);
#686=VECTOR('',#2768,10.);
#687=VECTOR('',#2779,10.);
#688=VECTOR('',#2782,10.);
#689=VECTOR('',#2785,10.);
#690=VECTOR('',#2788,10.);
#691=VECTOR('',#2791,10.);
#692=VECTOR('',#2792,10.);
#693=VECTOR('',#2793,10.);
#694=VECTOR('',#2796,10.);
#695=VECTOR('',#2801,10.);
#696=VECTOR('',#2802,10.);
#697=VECTOR('',#2805,10.);
#698=VECTOR('',#2810,10.);
#699=VECTOR('',#2811,10.);
#700=VECTOR('',#2812,10.);
#701=VECTOR('',#2813,10.);
#702=VECTOR('',#2816,10.);
#703=VECTOR('',#2817,10.);
#704=VECTOR('',#2818,10.);
#705=VECTOR('',#2821,10.);
#706=VECTOR('',#2822,10.);
#707=VECTOR('',#2823,10.);
#708=VECTOR('',#2826,10.);
#709=VECTOR('',#2827,10.);
#710=VECTOR('',#2828,10.);
#711=VECTOR('',#2831,10.);
#712=VECTOR('',#2832,10.);
#713=VECTOR('',#2833,10.);
#714=VECTOR('',#2836,10.);
#715=VECTOR('',#2837,10.);
#716=VECTOR('',#2838,10.);
#717=VECTOR('',#2841,10.);
#718=VECTOR('',#2842,10.);
#719=VECTOR('',#2843,10.);
#720=VECTOR('',#2846,10.);
#721=VECTOR('',#2847,10.);
#722=VECTOR('',#2848,10.);
#723=VECTOR('',#2851,10.);
#724=VECTOR('',#2852,10.);
#725=VECTOR('',#2853,10.);
#726=VECTOR('',#2856,10.);
#727=VECTOR('',#2857,10.);
#728=VECTOR('',#2858,10.);
#729=VECTOR('',#2861,10.);
#730=VECTOR('',#2862,10.);
#731=VECTOR('',#2863,10.);
#732=VECTOR('',#2866,10.);
#733=VECTOR('',#2867,10.);
#734=VECTOR('',#2870,10.);
#735=VECTOR('',#2871,10.);
#736=VECTOR('',#2872,10.);
#737=VECTOR('',#2873,10.);
#738=VECTOR('',#2876,10.);
#739=VECTOR('',#2877,10.);
#740=VECTOR('',#2878,10.);
#741=VECTOR('',#2881,10.);
#742=VECTOR('',#2882,10.);
#743=VECTOR('',#2883,10.);
#744=VECTOR('',#2886,10.);
#745=VECTOR('',#2887,10.);
#746=VECTOR('',#2888,10.);
#747=VECTOR('',#2891,10.);
#748=VECTOR('',#2892,10.);
#749=VECTOR('',#2893,10.);
#750=VECTOR('',#2896,10.);
#751=VECTOR('',#2897,10.);
#752=VECTOR('',#2898,10.);
#753=VECTOR('',#2901,10.);
#754=VECTOR('',#2902,10.);
#755=VECTOR('',#2903,10.);
#756=VECTOR('',#2906,10.);
#757=VECTOR('',#2907,10.);
#758=VECTOR('',#2908,10.);
#759=VECTOR('',#2911,10.);
#760=VECTOR('',#2912,10.);
#761=VECTOR('',#2913,10.);
#762=VECTOR('',#2916,10.);
#763=VECTOR('',#2917,10.);
#764=VECTOR('',#2918,10.);
#765=VECTOR('',#2921,10.);
#766=VECTOR('',#2922,10.);
#767=VECTOR('',#2923,10.);
#768=VECTOR('',#2926,10.);
#769=VECTOR('',#2927,10.);
#770=VECTOR('',#2930,10.);
#771=VECTOR('',#2931,10.);
#772=VECTOR('',#2932,10.);
#773=VECTOR('',#2933,10.);
#774=VECTOR('',#2936,10.);
#775=VECTOR('',#2937,10.);
#776=VECTOR('',#2938,10.);
#777=VECTOR('',#2941,10.);
#778=VECTOR('',#2942,10.);
#779=VECTOR('',#2943,10.);
#780=VECTOR('',#2946,10.);
#781=VECTOR('',#2947,10.);
#782=VECTOR('',#2948,10.);
#783=VECTOR('',#2951,10.);
#784=VECTOR('',#2952,10.);
#785=VECTOR('',#2953,10.);
#786=VECTOR('',#2956,10.);
#787=VECTOR('',#2957,10.);
#788=VECTOR('',#2958,10.);
#789=VECTOR('',#2961,10.);
#790=VECTOR('',#2962,10.);
#791=VECTOR('',#2963,10.);
#792=VECTOR('',#2966,10.);
#793=VECTOR('',#2967,10.);
#794=VECTOR('',#2968,10.);
#795=VECTOR('',#2971,10.);
#796=VECTOR('',#2972,10.);
#797=VECTOR('',#2973,10.);
#798=VECTOR('',#2976,10.);
#799=VECTOR('',#2977,10.);
#800=VECTOR('',#2978,10.);
#801=VECTOR('',#2981,10.);
#802=VECTOR('',#2982,10.);
#803=VECTOR('',#2983,10.);
#804=VECTOR('',#2986,10.);
#805=VECTOR('',#2987,10.);
#806=VECTOR('',#2990,10.);
#807=VECTOR('',#2991,10.);
#808=VECTOR('',#2992,10.);
#809=VECTOR('',#2993,10.);
#810=VECTOR('',#2996,10.);
#811=VECTOR('',#2997,10.);
#812=VECTOR('',#2998,10.);
#813=VECTOR('',#3001,10.);
#814=VECTOR('',#3002,10.);
#815=VECTOR('',#3003,10.);
#816=VECTOR('',#3006,10.);
#817=VECTOR('',#3007,10.);
#818=VECTOR('',#3008,10.);
#819=VECTOR('',#3011,10.);
#820=VECTOR('',#3012,10.);
#821=VECTOR('',#3013,10.);
#822=VECTOR('',#3016,10.);
#823=VECTOR('',#3017,10.);
#824=VECTOR('',#3018,10.);
#825=VECTOR('',#3021,10.);
#826=VECTOR('',#3022,10.);
#827=VECTOR('',#3023,10.);
#828=VECTOR('',#3026,10.);
#829=VECTOR('',#3027,10.);
#830=VECTOR('',#3028,10.);
#831=VECTOR('',#3031,10.);
#832=VECTOR('',#3032,10.);
#833=VECTOR('',#3033,10.);
#834=VECTOR('',#3036,10.);
#835=VECTOR('',#3037,10.);
#836=VECTOR('',#3038,10.);
#837=VECTOR('',#3041,10.);
#838=VECTOR('',#3042,10.);
#839=VECTOR('',#3043,10.);
#840=VECTOR('',#3046,10.);
#841=VECTOR('',#3047,10.);
#842=VECTOR('',#3050,10.);
#843=VECTOR('',#3051,10.);
#844=VECTOR('',#3052,10.);
#845=VECTOR('',#3053,10.);
#846=VECTOR('',#3056,10.);
#847=VECTOR('',#3057,10.);
#848=VECTOR('',#3058,10.);
#849=VECTOR('',#3061,10.);
#850=VECTOR('',#3062,10.);
#851=VECTOR('',#3063,10.);
#852=VECTOR('',#3066,10.);
#853=VECTOR('',#3067,10.);
#854=VECTOR('',#3068,10.);
#855=VECTOR('',#3071,10.);
#856=VECTOR('',#3072,10.);
#857=VECTOR('',#3073,10.);
#858=VECTOR('',#3076,10.);
#859=VECTOR('',#3077,10.);
#860=VECTOR('',#3078,10.);
#861=VECTOR('',#3081,10.);
#862=VECTOR('',#3082,10.);
#863=VECTOR('',#3083,10.);
#864=VECTOR('',#3086,10.);
#865=VECTOR('',#3087,10.);
#866=VECTOR('',#3088,10.);
#867=VECTOR('',#3091,10.);
#868=VECTOR('',#3092,10.);
#869=VECTOR('',#3093,10.);
#870=VECTOR('',#3096,10.);
#871=VECTOR('',#3097,10.);
#872=VECTOR('',#3098,10.);
#873=VECTOR('',#3101,10.);
#874=VECTOR('',#3102,10.);
#875=VECTOR('',#3103,10.);
#876=VECTOR('',#3106,10.);
#877=VECTOR('',#3107,10.);
#878=VECTOR('',#3110,10.);
#879=VECTOR('',#3111,10.);
#880=VECTOR('',#3112,10.);
#881=VECTOR('',#3113,10.);
#882=VECTOR('',#3116,10.);
#883=VECTOR('',#3117,10.);
#884=VECTOR('',#3118,10.);
#885=VECTOR('',#3121,10.);
#886=VECTOR('',#3122,10.);
#887=VECTOR('',#3123,10.);
#888=VECTOR('',#3126,10.);
#889=VECTOR('',#3127,10.);
#890=VECTOR('',#3128,10.);
#891=VECTOR('',#3131,10.);
#892=VECTOR('',#3132,10.);
#893=VECTOR('',#3133,10.);
#894=VECTOR('',#3136,10.);
#895=VECTOR('',#3137,10.);
#896=VECTOR('',#3138,10.);
#897=VECTOR('',#3141,10.);
#898=VECTOR('',#3142,10.);
#899=VECTOR('',#3143,10.);
#900=VECTOR('',#3146,10.);
#901=VECTOR('',#3147,10.);
#902=VECTOR('',#3148,10.);
#903=VECTOR('',#3151,10.);
#904=VECTOR('',#3152,10.);
#905=VECTOR('',#3153,10.);
#906=VECTOR('',#3156,10.);
#907=VECTOR('',#3157,10.);
#908=VECTOR('',#3158,10.);
#909=VECTOR('',#3161,10.);
#910=VECTOR('',#3162,10.);
#911=VECTOR('',#3163,10.);
#912=VECTOR('',#3166,10.);
#913=VECTOR('',#3167,10.);
#914=VECTOR('',#3170,10.);
#915=VECTOR('',#3171,10.);
#916=VECTOR('',#3172,10.);
#917=VECTOR('',#3173,10.);
#918=VECTOR('',#3176,10.);
#919=VECTOR('',#3177,10.);
#920=VECTOR('',#3178,10.);
#921=VECTOR('',#3181,10.);
#922=VECTOR('',#3182,10.);
#923=VECTOR('',#3183,10.);
#924=VECTOR('',#3186,10.);
#925=VECTOR('',#3187,10.);
#926=VECTOR('',#3188,10.);
#927=VECTOR('',#3191,10.);
#928=VECTOR('',#3192,10.);
#929=VECTOR('',#3193,10.);
#930=VECTOR('',#3196,10.);
#931=VECTOR('',#3197,10.);
#932=VECTOR('',#3198,10.);
#933=VECTOR('',#3201,10.);
#934=VECTOR('',#3202,10.);
#935=VECTOR('',#3203,10.);
#936=VECTOR('',#3206,10.);
#937=VECTOR('',#3207,10.);
#938=VECTOR('',#3208,10.);
#939=VECTOR('',#3211,10.);
#940=VECTOR('',#3212,10.);
#941=VECTOR('',#3213,10.);
#942=VECTOR('',#3216,10.);
#943=VECTOR('',#3217,10.);
#944=VECTOR('',#3218,10.);
#945=VECTOR('',#3221,10.);
#946=VECTOR('',#3222,10.);
#947=VECTOR('',#3223,10.);
#948=VECTOR('',#3226,10.);
#949=VECTOR('',#3227,10.);
#950=VECTOR('',#3230,10.);
#951=VECTOR('',#3231,10.);
#952=VECTOR('',#3232,10.);
#953=VECTOR('',#3233,10.);
#954=VECTOR('',#3236,10.);
#955=VECTOR('',#3237,10.);
#956=VECTOR('',#3238,10.);
#957=VECTOR('',#3241,10.);
#958=VECTOR('',#3242,10.);
#959=VECTOR('',#3243,10.);
#960=VECTOR('',#3246,10.);
#961=VECTOR('',#3247,10.);
#962=VECTOR('',#3248,10.);
#963=VECTOR('',#3251,10.);
#964=VECTOR('',#3252,10.);
#965=VECTOR('',#3253,10.);
#966=VECTOR('',#3256,10.);
#967=VECTOR('',#3257,10.);
#968=VECTOR('',#3258,10.);
#969=VECTOR('',#3261,10.);
#970=VECTOR('',#3262,10.);
#971=VECTOR('',#3263,10.);
#972=VECTOR('',#3266,10.);
#973=VECTOR('',#3267,10.);
#974=VECTOR('',#3268,10.);
#975=VECTOR('',#3271,10.);
#976=VECTOR('',#3272,10.);
#977=VECTOR('',#3273,10.);
#978=VECTOR('',#3276,10.);
#979=VECTOR('',#3277,10.);
#980=VECTOR('',#3278,10.);
#981=VECTOR('',#3281,10.);
#982=VECTOR('',#3282,10.);
#983=VECTOR('',#3283,10.);
#984=VECTOR('',#3286,10.);
#985=VECTOR('',#3287,10.);
#986=VECTOR('',#3290,10.);
#987=VECTOR('',#3291,10.);
#988=VECTOR('',#3294,10.);
#989=VECTOR('',#3299,10.);
#990=VECTOR('',#3300,10.);
#991=VECTOR('',#3309,10.);
#992=VECTOR('',#3310,10.);
#993=VECTOR('',#3311,10.);
#994=VECTOR('',#3312,10.);
#995=VECTOR('',#3319,10.);
#996=VECTOR('',#3322,10.);
#997=VECTOR('',#3323,10.);
#998=VECTOR('',#3324,10.);
#999=VECTOR('',#3331,10.);
#1000=VECTOR('',#3334,10.);
#1001=VECTOR('',#3335,10.);
#1002=VECTOR('',#3336,10.);
#1003=VECTOR('',#3343,10.);
#1004=VECTOR('',#3346,10.);
#1005=VECTOR('',#3347,10.);
#1006=VECTOR('',#3348,10.);
#1007=VERTEX_POINT('',#3361);
#1008=VERTEX_POINT('',#3362);
#1009=VERTEX_POINT('',#3364);
#1010=VERTEX_POINT('',#3366);
#1011=VERTEX_POINT('',#3370);
#1012=VERTEX_POINT('',#3372);
#1013=VERTEX_POINT('',#3376);
#1014=VERTEX_POINT('',#3378);
#1015=VERTEX_POINT('',#3382);
#1016=VERTEX_POINT('',#3384);
#1017=VERTEX_POINT('',#3388);
#1018=VERTEX_POINT('',#3390);
#1019=VERTEX_POINT('',#3394);
#1020=VERTEX_POINT('',#3396);
#1021=VERTEX_POINT('',#3400);
#1022=VERTEX_POINT('',#3402);
#1023=VERTEX_POINT('',#3409);
#1024=VERTEX_POINT('',#3410);
#1025=VERTEX_POINT('',#3412);
#1026=VERTEX_POINT('',#3414);
#1027=VERTEX_POINT('',#3416);
#1028=VERTEX_POINT('',#3418);
#1029=VERTEX_POINT('',#3420);
#1030=VERTEX_POINT('',#3422);
#1031=VERTEX_POINT('',#3426);
#1032=VERTEX_POINT('',#3428);
#1033=VERTEX_POINT('',#3432);
#1034=VERTEX_POINT('',#3436);
#1035=VERTEX_POINT('',#3440);
#1036=VERTEX_POINT('',#3444);
#1037=VERTEX_POINT('',#3445);
#1038=VERTEX_POINT('',#3447);
#1039=VERTEX_POINT('',#3449);
#1040=VERTEX_POINT('',#3453);
#1041=VERTEX_POINT('',#3455);
#1042=VERTEX_POINT('',#3459);
#1043=VERTEX_POINT('',#3461);
#1044=VERTEX_POINT('',#3465);
#1045=VERTEX_POINT('',#3467);
#1046=VERTEX_POINT('',#3471);
#1047=VERTEX_POINT('',#3473);
#1048=VERTEX_POINT('',#3477);
#1049=VERTEX_POINT('',#3479);
#1050=VERTEX_POINT('',#3483);
#1051=VERTEX_POINT('',#3485);
#1052=VERTEX_POINT('',#3489);
#1053=VERTEX_POINT('',#3491);
#1054=VERTEX_POINT('',#3495);
#1055=VERTEX_POINT('',#3497);
#1056=VERTEX_POINT('',#3501);
#1057=VERTEX_POINT('',#3503);
#1058=VERTEX_POINT('',#3507);
#1059=VERTEX_POINT('',#3509);
#1060=VERTEX_POINT('',#3516);
#1061=VERTEX_POINT('',#3517);
#1062=VERTEX_POINT('',#3519);
#1063=VERTEX_POINT('',#3521);
#1064=VERTEX_POINT('',#3525);
#1065=VERTEX_POINT('',#3527);
#1066=VERTEX_POINT('',#3531);
#1067=VERTEX_POINT('',#3533);
#1068=VERTEX_POINT('',#3537);
#1069=VERTEX_POINT('',#3539);
#1070=VERTEX_POINT('',#3543);
#1071=VERTEX_POINT('',#3545);
#1072=VERTEX_POINT('',#3549);
#1073=VERTEX_POINT('',#3551);
#1074=VERTEX_POINT('',#3555);
#1075=VERTEX_POINT('',#3557);
#1076=VERTEX_POINT('',#3561);
#1077=VERTEX_POINT('',#3563);
#1078=VERTEX_POINT('',#3567);
#1079=VERTEX_POINT('',#3569);
#1080=VERTEX_POINT('',#3573);
#1081=VERTEX_POINT('',#3575);
#1082=VERTEX_POINT('',#3579);
#1083=VERTEX_POINT('',#3581);
#1084=VERTEX_POINT('',#3588);
#1085=VERTEX_POINT('',#3589);
#1086=VERTEX_POINT('',#3591);
#1087=VERTEX_POINT('',#3593);
#1088=VERTEX_POINT('',#3597);
#1089=VERTEX_POINT('',#3599);
#1090=VERTEX_POINT('',#3603);
#1091=VERTEX_POINT('',#3605);
#1092=VERTEX_POINT('',#3609);
#1093=VERTEX_POINT('',#3611);
#1094=VERTEX_POINT('',#3615);
#1095=VERTEX_POINT('',#3617);
#1096=VERTEX_POINT('',#3621);
#1097=VERTEX_POINT('',#3623);
#1098=VERTEX_POINT('',#3627);
#1099=VERTEX_POINT('',#3629);
#1100=VERTEX_POINT('',#3633);
#1101=VERTEX_POINT('',#3635);
#1102=VERTEX_POINT('',#3639);
#1103=VERTEX_POINT('',#3641);
#1104=VERTEX_POINT('',#3645);
#1105=VERTEX_POINT('',#3647);
#1106=VERTEX_POINT('',#3651);
#1107=VERTEX_POINT('',#3653);
#1108=VERTEX_POINT('',#3660);
#1109=VERTEX_POINT('',#3661);
#1110=VERTEX_POINT('',#3663);
#1111=VERTEX_POINT('',#3665);
#1112=VERTEX_POINT('',#3669);
#1113=VERTEX_POINT('',#3671);
#1114=VERTEX_POINT('',#3675);
#1115=VERTEX_POINT('',#3677);
#1116=VERTEX_POINT('',#3681);
#1117=VERTEX_POINT('',#3683);
#1118=VERTEX_POINT('',#3687);
#1119=VERTEX_POINT('',#3689);
#1120=VERTEX_POINT('',#3693);
#1121=VERTEX_POINT('',#3695);
#1122=VERTEX_POINT('',#3699);
#1123=VERTEX_POINT('',#3701);
#1124=VERTEX_POINT('',#3705);
#1125=VERTEX_POINT('',#3707);
#1126=VERTEX_POINT('',#3711);
#1127=VERTEX_POINT('',#3713);
#1128=VERTEX_POINT('',#3717);
#1129=VERTEX_POINT('',#3719);
#1130=VERTEX_POINT('',#3723);
#1131=VERTEX_POINT('',#3725);
#1132=VERTEX_POINT('',#3732);
#1133=VERTEX_POINT('',#3733);
#1134=VERTEX_POINT('',#3735);
#1135=VERTEX_POINT('',#3737);
#1136=VERTEX_POINT('',#3741);
#1137=VERTEX_POINT('',#3743);
#1138=VERTEX_POINT('',#3747);
#1139=VERTEX_POINT('',#3749);
#1140=VERTEX_POINT('',#3753);
#1141=VERTEX_POINT('',#3755);
#1142=VERTEX_POINT('',#3759);
#1143=VERTEX_POINT('',#3761);
#1144=VERTEX_POINT('',#3765);
#1145=VERTEX_POINT('',#3767);
#1146=VERTEX_POINT('',#3771);
#1147=VERTEX_POINT('',#3773);
#1148=VERTEX_POINT('',#3777);
#1149=VERTEX_POINT('',#3779);
#1150=VERTEX_POINT('',#3783);
#1151=VERTEX_POINT('',#3785);
#1152=VERTEX_POINT('',#3789);
#1153=VERTEX_POINT('',#3791);
#1154=VERTEX_POINT('',#3795);
#1155=VERTEX_POINT('',#3797);
#1156=VERTEX_POINT('',#3804);
#1157=VERTEX_POINT('',#3805);
#1158=VERTEX_POINT('',#3807);
#1159=VERTEX_POINT('',#3809);
#1160=VERTEX_POINT('',#3813);
#1161=VERTEX_POINT('',#3815);
#1162=VERTEX_POINT('',#3819);
#1163=VERTEX_POINT('',#3821);
#1164=VERTEX_POINT('',#3825);
#1165=VERTEX_POINT('',#3827);
#1166=VERTEX_POINT('',#3831);
#1167=VERTEX_POINT('',#3833);
#1168=VERTEX_POINT('',#3837);
#1169=VERTEX_POINT('',#3839);
#1170=VERTEX_POINT('',#3843);
#1171=VERTEX_POINT('',#3845);
#1172=VERTEX_POINT('',#3849);
#1173=VERTEX_POINT('',#3851);
#1174=VERTEX_POINT('',#3855);
#1175=VERTEX_POINT('',#3857);
#1176=VERTEX_POINT('',#3861);
#1177=VERTEX_POINT('',#3863);
#1178=VERTEX_POINT('',#3867);
#1179=VERTEX_POINT('',#3869);
#1180=VERTEX_POINT('',#3876);
#1181=VERTEX_POINT('',#3877);
#1182=VERTEX_POINT('',#3879);
#1183=VERTEX_POINT('',#3881);
#1184=VERTEX_POINT('',#3885);
#1185=VERTEX_POINT('',#3887);
#1186=VERTEX_POINT('',#3891);
#1187=VERTEX_POINT('',#3893);
#1188=VERTEX_POINT('',#3897);
#1189=VERTEX_POINT('',#3899);
#1190=VERTEX_POINT('',#3903);
#1191=VERTEX_POINT('',#3905);
#1192=VERTEX_POINT('',#3909);
#1193=VERTEX_POINT('',#3911);
#1194=VERTEX_POINT('',#3915);
#1195=VERTEX_POINT('',#3917);
#1196=VERTEX_POINT('',#3921);
#1197=VERTEX_POINT('',#3923);
#1198=VERTEX_POINT('',#3927);
#1199=VERTEX_POINT('',#3929);
#1200=VERTEX_POINT('',#3933);
#1201=VERTEX_POINT('',#3935);
#1202=VERTEX_POINT('',#3939);
#1203=VERTEX_POINT('',#3941);
#1204=VERTEX_POINT('',#3948);
#1205=VERTEX_POINT('',#3949);
#1206=VERTEX_POINT('',#3951);
#1207=VERTEX_POINT('',#3953);
#1208=VERTEX_POINT('',#3957);
#1209=VERTEX_POINT('',#3959);
#1210=VERTEX_POINT('',#3963);
#1211=VERTEX_POINT('',#3965);
#1212=VERTEX_POINT('',#3969);
#1213=VERTEX_POINT('',#3971);
#1214=VERTEX_POINT('',#3975);
#1215=VERTEX_POINT('',#3977);
#1216=VERTEX_POINT('',#3981);
#1217=VERTEX_POINT('',#3983);
#1218=VERTEX_POINT('',#3987);
#1219=VERTEX_POINT('',#3989);
#1220=VERTEX_POINT('',#3993);
#1221=VERTEX_POINT('',#3995);
#1222=VERTEX_POINT('',#3999);
#1223=VERTEX_POINT('',#4001);
#1224=VERTEX_POINT('',#4005);
#1225=VERTEX_POINT('',#4007);
#1226=VERTEX_POINT('',#4011);
#1227=VERTEX_POINT('',#4013);
#1228=VERTEX_POINT('',#4020);
#1229=VERTEX_POINT('',#4024);
#1230=VERTEX_POINT('',#4028);
#1231=VERTEX_POINT('',#4035);
#1232=VERTEX_POINT('',#4036);
#1233=VERTEX_POINT('',#4038);
#1234=VERTEX_POINT('',#4040);
#1235=VERTEX_POINT('',#4044);
#1236=VERTEX_POINT('',#4046);
#1237=VERTEX_POINT('',#4050);
#1238=VERTEX_POINT('',#4052);
#1239=VERTEX_POINT('',#4056);
#1240=VERTEX_POINT('',#4058);
#1241=VERTEX_POINT('',#4062);
#1242=VERTEX_POINT('',#4064);
#1243=VERTEX_POINT('',#4068);
#1244=VERTEX_POINT('',#4070);
#1245=VERTEX_POINT('',#4074);
#1246=VERTEX_POINT('',#4076);
#1247=EDGE_CURVE('',#1007,#1008,#335,.T.);
#1248=EDGE_CURVE('',#1007,#1009,#336,.T.);
#1249=EDGE_CURVE('',#1009,#1010,#337,.T.);
#1250=EDGE_CURVE('',#1008,#1010,#338,.T.);
#1251=EDGE_CURVE('',#1011,#1007,#33,.T.);
#1252=EDGE_CURVE('',#1011,#1012,#339,.T.);
#1253=EDGE_CURVE('',#1012,#1009,#34,.T.);
#1254=EDGE_CURVE('',#1013,#1011,#340,.T.);
#1255=EDGE_CURVE('',#1013,#1014,#341,.T.);
#1256=EDGE_CURVE('',#1014,#1012,#342,.T.);
#1257=EDGE_CURVE('',#1015,#1013,#35,.T.);
#1258=EDGE_CURVE('',#1015,#1016,#343,.T.);
#1259=EDGE_CURVE('',#1016,#1014,#36,.T.);
#1260=EDGE_CURVE('',#1017,#1015,#344,.T.);
#1261=EDGE_CURVE('',#1017,#1018,#345,.T.);
#1262=EDGE_CURVE('',#1018,#1016,#346,.T.);
#1263=EDGE_CURVE('',#1019,#1017,#37,.T.);
#1264=EDGE_CURVE('',#1019,#1020,#347,.T.);
#1265=EDGE_CURVE('',#1020,#1018,#38,.T.);
#1266=EDGE_CURVE('',#1021,#1019,#348,.T.);
#1267=EDGE_CURVE('',#1021,#1022,#349,.T.);
#1268=EDGE_CURVE('',#1022,#1020,#350,.T.);
#1269=EDGE_CURVE('',#1008,#1021,#39,.T.);
#1270=EDGE_CURVE('',#1010,#1022,#40,.T.);
#1271=EDGE_CURVE('',#1023,#1024,#41,.T.);
#1272=EDGE_CURVE('',#1025,#1023,#351,.T.);
#1273=EDGE_CURVE('',#1026,#1025,#42,.T.);
#1274=EDGE_CURVE('',#1027,#1026,#352,.T.);
#1275=EDGE_CURVE('',#1028,#1027,#43,.T.);
#1276=EDGE_CURVE('',#1029,#1028,#353,.T.);
#1277=EDGE_CURVE('',#1030,#1029,#44,.T.);
#1278=EDGE_CURVE('',#1024,#1030,#354,.T.);
#1279=EDGE_CURVE('',#1026,#1031,#355,.T.);
#1280=EDGE_CURVE('',#1031,#1032,#356,.F.);
#1281=EDGE_CURVE('',#1027,#1032,#357,.T.);
#1282=EDGE_CURVE('',#1025,#1033,#358,.T.);
#1283=EDGE_CURVE('',#1033,#1031,#45,.F.);
#1284=EDGE_CURVE('',#1023,#1034,#359,.T.);
#1285=EDGE_CURVE('',#1034,#1033,#360,.F.);
#1286=EDGE_CURVE('',#1024,#1035,#361,.T.);
#1287=EDGE_CURVE('',#1035,#1034,#46,.F.);
#1288=EDGE_CURVE('',#1036,#1037,#362,.T.);
#1289=EDGE_CURVE('',#1038,#1036,#363,.T.);
#1290=EDGE_CURVE('',#1039,#1038,#364,.T.);
#1291=EDGE_CURVE('',#1039,#1037,#365,.T.);
#1292=EDGE_CURVE('',#1037,#1040,#366,.T.);
#1293=EDGE_CURVE('',#1041,#1039,#367,.T.);
#1294=EDGE_CURVE('',#1041,#1040,#368,.T.);
#1295=EDGE_CURVE('',#1040,#1042,#369,.T.);
#1296=EDGE_CURVE('',#1043,#1041,#370,.T.);
#1297=EDGE_CURVE('',#1043,#1042,#371,.T.);
#1298=EDGE_CURVE('',#1042,#1044,#372,.T.);
#1299=EDGE_CURVE('',#1045,#1043,#373,.T.);
#1300=EDGE_CURVE('',#1045,#1044,#374,.T.);
#1301=EDGE_CURVE('',#1044,#1046,#375,.T.);
#1302=EDGE_CURVE('',#1047,#1045,#376,.T.);
#1303=EDGE_CURVE('',#1047,#1046,#377,.T.);
#1304=EDGE_CURVE('',#1046,#1048,#378,.T.);
#1305=EDGE_CURVE('',#1049,#1047,#379,.T.);
#1306=EDGE_CURVE('',#1049,#1048,#380,.T.);
#1307=EDGE_CURVE('',#1048,#1050,#381,.T.);
#1308=EDGE_CURVE('',#1051,#1049,#382,.T.);
#1309=EDGE_CURVE('',#1051,#1050,#383,.T.);
#1310=EDGE_CURVE('',#1050,#1052,#384,.T.);
#1311=EDGE_CURVE('',#1053,#1051,#385,.T.);
#1312=EDGE_CURVE('',#1053,#1052,#386,.T.);
#1313=EDGE_CURVE('',#1052,#1054,#387,.T.);
#1314=EDGE_CURVE('',#1055,#1053,#388,.T.);
#1315=EDGE_CURVE('',#1055,#1054,#389,.T.);
#1316=EDGE_CURVE('',#1054,#1056,#390,.T.);
#1317=EDGE_CURVE('',#1057,#1055,#391,.T.);
#1318=EDGE_CURVE('',#1057,#1056,#392,.T.);
#1319=EDGE_CURVE('',#1056,#1058,#393,.T.);
#1320=EDGE_CURVE('',#1059,#1057,#394,.T.);
#1321=EDGE_CURVE('',#1059,#1058,#395,.T.);
#1322=EDGE_CURVE('',#1058,#1036,#396,.T.);
#1323=EDGE_CURVE('',#1038,#1059,#397,.T.);
#1324=EDGE_CURVE('',#1060,#1061,#398,.T.);
#1325=EDGE_CURVE('',#1062,#1060,#399,.T.);
#1326=EDGE_CURVE('',#1063,#1062,#400,.T.);
#1327=EDGE_CURVE('',#1063,#1061,#401,.T.);
#1328=EDGE_CURVE('',#1061,#1064,#402,.T.);
#1329=EDGE_CURVE('',#1065,#1063,#403,.T.);
#1330=EDGE_CURVE('',#1065,#1064,#404,.T.);
#1331=EDGE_CURVE('',#1064,#1066,#405,.T.);
#1332=EDGE_CURVE('',#1067,#1065,#406,.T.);
#1333=EDGE_CURVE('',#1067,#1066,#407,.T.);
#1334=EDGE_CURVE('',#1066,#1068,#408,.T.);
#1335=EDGE_CURVE('',#1069,#1067,#409,.T.);
#1336=EDGE_CURVE('',#1069,#1068,#410,.T.);
#1337=EDGE_CURVE('',#1068,#1070,#411,.T.);
#1338=EDGE_CURVE('',#1071,#1069,#412,.T.);
#1339=EDGE_CURVE('',#1071,#1070,#413,.T.);
#1340=EDGE_CURVE('',#1070,#1072,#414,.T.);
#1341=EDGE_CURVE('',#1073,#1071,#415,.T.);
#1342=EDGE_CURVE('',#1073,#1072,#416,.T.);
#1343=EDGE_CURVE('',#1072,#1074,#417,.T.);
#1344=EDGE_CURVE('',#1075,#1073,#418,.T.);
#1345=EDGE_CURVE('',#1075,#1074,#419,.T.);
#1346=EDGE_CURVE('',#1074,#1076,#420,.T.);
#1347=EDGE_CURVE('',#1077,#1075,#421,.T.);
#1348=EDGE_CURVE('',#1077,#1076,#422,.T.);
#1349=EDGE_CURVE('',#1076,#1078,#423,.T.);
#1350=EDGE_CURVE('',#1079,#1077,#424,.T.);
#1351=EDGE_CURVE('',#1079,#1078,#425,.T.);
#1352=EDGE_CURVE('',#1078,#1080,#426,.T.);
#1353=EDGE_CURVE('',#1081,#1079,#427,.T.);
#1354=EDGE_CURVE('',#1081,#1080,#428,.T.);
#1355=EDGE_CURVE('',#1080,#1082,#429,.T.);
#1356=EDGE_CURVE('',#1083,#1081,#430,.T.);
#1357=EDGE_CURVE('',#1083,#1082,#431,.T.);
#1358=EDGE_CURVE('',#1082,#1060,#432,.T.);
#1359=EDGE_CURVE('',#1062,#1083,#433,.T.);
#1360=EDGE_CURVE('',#1084,#1085,#434,.T.);
#1361=EDGE_CURVE('',#1086,#1084,#435,.T.);
#1362=EDGE_CURVE('',#1087,#1086,#436,.T.);
#1363=EDGE_CURVE('',#1087,#1085,#437,.T.);
#1364=EDGE_CURVE('',#1085,#1088,#438,.T.);
#1365=EDGE_CURVE('',#1089,#1087,#439,.T.);
#1366=EDGE_CURVE('',#1089,#1088,#440,.T.);
#1367=EDGE_CURVE('',#1088,#1090,#441,.T.);
#1368=EDGE_CURVE('',#1091,#1089,#442,.T.);
#1369=EDGE_CURVE('',#1091,#1090,#443,.T.);
#1370=EDGE_CURVE('',#1090,#1092,#444,.T.);
#1371=EDGE_CURVE('',#1093,#1091,#445,.T.);
#1372=EDGE_CURVE('',#1093,#1092,#446,.T.);
#1373=EDGE_CURVE('',#1092,#1094,#447,.T.);
#1374=EDGE_CURVE('',#1095,#1093,#448,.T.);
#1375=EDGE_CURVE('',#1095,#1094,#449,.T.);
#1376=EDGE_CURVE('',#1094,#1096,#450,.T.);
#1377=EDGE_CURVE('',#1097,#1095,#451,.T.);
#1378=EDGE_CURVE('',#1097,#1096,#452,.T.);
#1379=EDGE_CURVE('',#1096,#1098,#453,.T.);
#1380=EDGE_CURVE('',#1099,#1097,#454,.T.);
#1381=EDGE_CURVE('',#1099,#1098,#455,.T.);
#1382=EDGE_CURVE('',#1098,#1100,#456,.T.);
#1383=EDGE_CURVE('',#1101,#1099,#457,.T.);
#1384=EDGE_CURVE('',#1101,#1100,#458,.T.);
#1385=EDGE_CURVE('',#1100,#1102,#459,.T.);
#1386=EDGE_CURVE('',#1103,#1101,#460,.T.);
#1387=EDGE_CURVE('',#1103,#1102,#461,.T.);
#1388=EDGE_CURVE('',#1102,#1104,#462,.T.);
#1389=EDGE_CURVE('',#1105,#1103,#463,.T.);
#1390=EDGE_CURVE('',#1105,#1104,#464,.T.);
#1391=EDGE_CURVE('',#1104,#1106,#465,.T.);
#1392=EDGE_CURVE('',#1107,#1105,#466,.T.);
#1393=EDGE_CURVE('',#1107,#1106,#467,.T.);
#1394=EDGE_CURVE('',#1106,#1084,#468,.T.);
#1395=EDGE_CURVE('',#1086,#1107,#469,.T.);
#1396=EDGE_CURVE('',#1108,#1109,#470,.T.);
#1397=EDGE_CURVE('',#1110,#1108,#471,.T.);
#1398=EDGE_CURVE('',#1111,#1110,#472,.T.);
#1399=EDGE_CURVE('',#1111,#1109,#473,.T.);
#1400=EDGE_CURVE('',#1109,#1112,#474,.T.);
#1401=EDGE_CURVE('',#1113,#1111,#475,.T.);
#1402=EDGE_CURVE('',#1113,#1112,#476,.T.);
#1403=EDGE_CURVE('',#1112,#1114,#477,.T.);
#1404=EDGE_CURVE('',#1115,#1113,#478,.T.);
#1405=EDGE_CURVE('',#1115,#1114,#479,.T.);
#1406=EDGE_CURVE('',#1114,#1116,#480,.T.);
#1407=EDGE_CURVE('',#1117,#1115,#481,.T.);
#1408=EDGE_CURVE('',#1117,#1116,#482,.T.);
#1409=EDGE_CURVE('',#1116,#1118,#483,.T.);
#1410=EDGE_CURVE('',#1119,#1117,#484,.T.);
#1411=EDGE_CURVE('',#1119,#1118,#485,.T.);
#1412=EDGE_CURVE('',#1118,#1120,#486,.T.);
#1413=EDGE_CURVE('',#1121,#1119,#487,.T.);
#1414=EDGE_CURVE('',#1121,#1120,#488,.T.);
#1415=EDGE_CURVE('',#1120,#1122,#489,.T.);
#1416=EDGE_CURVE('',#1123,#1121,#490,.T.);
#1417=EDGE_CURVE('',#1123,#1122,#491,.T.);
#1418=EDGE_CURVE('',#1122,#1124,#492,.T.);
#1419=EDGE_CURVE('',#1125,#1123,#493,.T.);
#1420=EDGE_CURVE('',#1125,#1124,#494,.T.);
#1421=EDGE_CURVE('',#1124,#1126,#495,.T.);
#1422=EDGE_CURVE('',#1127,#1125,#496,.T.);
#1423=EDGE_CURVE('',#1127,#1126,#497,.T.);
#1424=EDGE_CURVE('',#1126,#1128,#498,.T.);
#1425=EDGE_CURVE('',#1129,#1127,#499,.T.);
#1426=EDGE_CURVE('',#1129,#1128,#500,.T.);
#1427=EDGE_CURVE('',#1128,#1130,#501,.T.);
#1428=EDGE_CURVE('',#1131,#1129,#502,.T.);
#1429=EDGE_CURVE('',#1131,#1130,#503,.T.);
#1430=EDGE_CURVE('',#1130,#1108,#504,.T.);
#1431=EDGE_CURVE('',#1110,#1131,#505,.T.);
#1432=EDGE_CURVE('',#1132,#1133,#506,.T.);
#1433=EDGE_CURVE('',#1134,#1132,#507,.T.);
#1434=EDGE_CURVE('',#1135,#1134,#508,.T.);
#1435=EDGE_CURVE('',#1135,#1133,#509,.T.);
#1436=EDGE_CURVE('',#1133,#1136,#510,.T.);
#1437=EDGE_CURVE('',#1137,#1135,#511,.T.);
#1438=EDGE_CURVE('',#1137,#1136,#512,.T.);
#1439=EDGE_CURVE('',#1136,#1138,#513,.T.);
#1440=EDGE_CURVE('',#1139,#1137,#514,.T.);
#1441=EDGE_CURVE('',#1139,#1138,#515,.T.);
#1442=EDGE_CURVE('',#1138,#1140,#516,.T.);
#1443=EDGE_CURVE('',#1141,#1139,#517,.T.);
#1444=EDGE_CURVE('',#1141,#1140,#518,.T.);
#1445=EDGE_CURVE('',#1140,#1142,#519,.T.);
#1446=EDGE_CURVE('',#1143,#1141,#520,.T.);
#1447=EDGE_CURVE('',#1143,#1142,#521,.T.);
#1448=EDGE_CURVE('',#1142,#1144,#522,.T.);
#1449=EDGE_CURVE('',#1145,#1143,#523,.T.);
#1450=EDGE_CURVE('',#1145,#1144,#524,.T.);
#1451=EDGE_CURVE('',#1144,#1146,#525,.T.);
#1452=EDGE_CURVE('',#1147,#1145,#526,.T.);
#1453=EDGE_CURVE('',#1147,#1146,#527,.T.);
#1454=EDGE_CURVE('',#1146,#1148,#528,.T.);
#1455=EDGE_CURVE('',#1149,#1147,#529,.T.);
#1456=EDGE_CURVE('',#1149,#1148,#530,.T.);
#1457=EDGE_CURVE('',#1148,#1150,#531,.T.);
#1458=EDGE_CURVE('',#1151,#1149,#532,.T.);
#1459=EDGE_CURVE('',#1151,#1150,#533,.T.);
#1460=EDGE_CURVE('',#1150,#1152,#534,.T.);
#1461=EDGE_CURVE('',#1153,#1151,#535,.T.);
#1462=EDGE_CURVE('',#1153,#1152,#536,.T.);
#1463=EDGE_CURVE('',#1152,#1154,#537,.T.);
#1464=EDGE_CURVE('',#1155,#1153,#538,.T.);
#1465=EDGE_CURVE('',#1155,#1154,#539,.T.);
#1466=EDGE_CURVE('',#1154,#1132,#540,.T.);
#1467=EDGE_CURVE('',#1134,#1155,#541,.T.);
#1468=EDGE_CURVE('',#1156,#1157,#542,.T.);
#1469=EDGE_CURVE('',#1158,#1156,#543,.T.);
#1470=EDGE_CURVE('',#1159,#1158,#544,.T.);
#1471=EDGE_CURVE('',#1159,#1157,#545,.T.);
#1472=EDGE_CURVE('',#1157,#1160,#546,.T.);
#1473=EDGE_CURVE('',#1161,#1159,#547,.T.);
#1474=EDGE_CURVE('',#1161,#1160,#548,.T.);
#1475=EDGE_CURVE('',#1160,#1162,#549,.T.);
#1476=EDGE_CURVE('',#1163,#1161,#550,.T.);
#1477=EDGE_CURVE('',#1163,#1162,#551,.T.);
#1478=EDGE_CURVE('',#1162,#1164,#552,.T.);
#1479=EDGE_CURVE('',#1165,#1163,#553,.T.);
#1480=EDGE_CURVE('',#1165,#1164,#554,.T.);
#1481=EDGE_CURVE('',#1164,#1166,#555,.T.);
#1482=EDGE_CURVE('',#1167,#1165,#556,.T.);
#1483=EDGE_CURVE('',#1167,#1166,#557,.T.);
#1484=EDGE_CURVE('',#1166,#1168,#558,.T.);
#1485=EDGE_CURVE('',#1169,#1167,#559,.T.);
#1486=EDGE_CURVE('',#1169,#1168,#560,.T.);
#1487=EDGE_CURVE('',#1168,#1170,#561,.T.);
#1488=EDGE_CURVE('',#1171,#1169,#562,.T.);
#1489=EDGE_CURVE('',#1171,#1170,#563,.T.);
#1490=EDGE_CURVE('',#1170,#1172,#564,.T.);
#1491=EDGE_CURVE('',#1173,#1171,#565,.T.);
#1492=EDGE_CURVE('',#1173,#1172,#566,.T.);
#1493=EDGE_CURVE('',#1172,#1174,#567,.T.);
#1494=EDGE_CURVE('',#1175,#1173,#568,.T.);
#1495=EDGE_CURVE('',#1175,#1174,#569,.T.);
#1496=EDGE_CURVE('',#1174,#1176,#570,.T.);
#1497=EDGE_CURVE('',#1177,#1175,#571,.T.);
#1498=EDGE_CURVE('',#1177,#1176,#572,.T.);
#1499=EDGE_CURVE('',#1176,#1178,#573,.T.);
#1500=EDGE_CURVE('',#1179,#1177,#574,.T.);
#1501=EDGE_CURVE('',#1179,#1178,#575,.T.);
#1502=EDGE_CURVE('',#1178,#1156,#576,.T.);
#1503=EDGE_CURVE('',#1158,#1179,#577,.T.);
#1504=EDGE_CURVE('',#1180,#1181,#578,.T.);
#1505=EDGE_CURVE('',#1182,#1180,#579,.T.);
#1506=EDGE_CURVE('',#1183,#1182,#580,.T.);
#1507=EDGE_CURVE('',#1183,#1181,#581,.T.);
#1508=EDGE_CURVE('',#1181,#1184,#582,.T.);
#1509=EDGE_CURVE('',#1185,#1183,#583,.T.);
#1510=EDGE_CURVE('',#1185,#1184,#584,.T.);
#1511=EDGE_CURVE('',#1184,#1186,#585,.T.);
#1512=EDGE_CURVE('',#1187,#1185,#586,.T.);
#1513=EDGE_CURVE('',#1187,#1186,#587,.T.);
#1514=EDGE_CURVE('',#1186,#1188,#588,.T.);
#1515=EDGE_CURVE('',#1189,#1187,#589,.T.);
#1516=EDGE_CURVE('',#1189,#1188,#590,.T.);
#1517=EDGE_CURVE('',#1188,#1190,#591,.T.);
#1518=EDGE_CURVE('',#1191,#1189,#592,.T.);
#1519=EDGE_CURVE('',#1191,#1190,#593,.T.);
#1520=EDGE_CURVE('',#1190,#1192,#594,.T.);
#1521=EDGE_CURVE('',#1193,#1191,#595,.T.);
#1522=EDGE_CURVE('',#1193,#1192,#596,.T.);
#1523=EDGE_CURVE('',#1192,#1194,#597,.T.);
#1524=EDGE_CURVE('',#1195,#1193,#598,.T.);
#1525=EDGE_CURVE('',#1195,#1194,#599,.T.);
#1526=EDGE_CURVE('',#1194,#1196,#600,.T.);
#1527=EDGE_CURVE('',#1197,#1195,#601,.T.);
#1528=EDGE_CURVE('',#1197,#1196,#602,.T.);
#1529=EDGE_CURVE('',#1196,#1198,#603,.T.);
#1530=EDGE_CURVE('',#1199,#1197,#604,.T.);
#1531=EDGE_CURVE('',#1199,#1198,#605,.T.);
#1532=EDGE_CURVE('',#1198,#1200,#606,.T.);
#1533=EDGE_CURVE('',#1201,#1199,#607,.T.);
#1534=EDGE_CURVE('',#1201,#1200,#608,.T.);
#1535=EDGE_CURVE('',#1200,#1202,#609,.T.);
#1536=EDGE_CURVE('',#1203,#1201,#610,.T.);
#1537=EDGE_CURVE('',#1203,#1202,#611,.T.);
#1538=EDGE_CURVE('',#1202,#1180,#612,.T.);
#1539=EDGE_CURVE('',#1182,#1203,#613,.T.);
#1540=EDGE_CURVE('',#1204,#1205,#614,.T.);
#1541=EDGE_CURVE('',#1206,#1204,#615,.T.);
#1542=EDGE_CURVE('',#1207,#1206,#616,.T.);
#1543=EDGE_CURVE('',#1207,#1205,#617,.T.);
#1544=EDGE_CURVE('',#1205,#1208,#618,.T.);
#1545=EDGE_CURVE('',#1209,#1207,#619,.T.);
#1546=EDGE_CURVE('',#1209,#1208,#620,.T.);
#1547=EDGE_CURVE('',#1208,#1210,#621,.T.);
#1548=EDGE_CURVE('',#1211,#1209,#622,.T.);
#1549=EDGE_CURVE('',#1211,#1210,#623,.T.);
#1550=EDGE_CURVE('',#1210,#1212,#624,.T.);
#1551=EDGE_CURVE('',#1213,#1211,#625,.T.);
#1552=EDGE_CURVE('',#1213,#1212,#626,.T.);
#1553=EDGE_CURVE('',#1212,#1214,#627,.T.);
#1554=EDGE_CURVE('',#1215,#1213,#628,.T.);
#1555=EDGE_CURVE('',#1215,#1214,#629,.T.);
#1556=EDGE_CURVE('',#1214,#1216,#630,.T.);
#1557=EDGE_CURVE('',#1217,#1215,#631,.T.);
#1558=EDGE_CURVE('',#1217,#1216,#632,.T.);
#1559=EDGE_CURVE('',#1216,#1218,#633,.T.);
#1560=EDGE_CURVE('',#1219,#1217,#634,.T.);
#1561=EDGE_CURVE('',#1219,#1218,#635,.T.);
#1562=EDGE_CURVE('',#1218,#1220,#636,.T.);
#1563=EDGE_CURVE('',#1221,#1219,#637,.T.);
#1564=EDGE_CURVE('',#1221,#1220,#638,.T.);
#1565=EDGE_CURVE('',#1220,#1222,#639,.T.);
#1566=EDGE_CURVE('',#1223,#1221,#640,.T.);
#1567=EDGE_CURVE('',#1223,#1222,#641,.T.);
#1568=EDGE_CURVE('',#1222,#1224,#642,.T.);
#1569=EDGE_CURVE('',#1225,#1223,#643,.T.);
#1570=EDGE_CURVE('',#1225,#1224,#644,.T.);
#1571=EDGE_CURVE('',#1224,#1226,#645,.T.);
#1572=EDGE_CURVE('',#1227,#1225,#646,.T.);
#1573=EDGE_CURVE('',#1227,#1226,#647,.T.);
#1574=EDGE_CURVE('',#1226,#1204,#648,.T.);
#1575=EDGE_CURVE('',#1206,#1227,#649,.T.);
#1576=EDGE_CURVE('',#1030,#1228,#650,.T.);
#1577=EDGE_CURVE('',#1228,#1035,#651,.F.);
#1578=EDGE_CURVE('',#1029,#1229,#652,.T.);
#1579=EDGE_CURVE('',#1229,#1228,#47,.F.);
#1580=EDGE_CURVE('',#1028,#1230,#653,.T.);
#1581=EDGE_CURVE('',#1230,#1229,#654,.F.);
#1582=EDGE_CURVE('',#1032,#1230,#48,.F.);
#1583=EDGE_CURVE('',#1231,#1232,#655,.T.);
#1584=EDGE_CURVE('',#1231,#1233,#656,.T.);
#1585=EDGE_CURVE('',#1234,#1233,#657,.T.);
#1586=EDGE_CURVE('',#1232,#1234,#658,.T.);
#1587=EDGE_CURVE('',#1235,#1232,#49,.T.);
#1588=EDGE_CURVE('',#1236,#1234,#50,.T.);
#1589=EDGE_CURVE('',#1235,#1236,#659,.T.);
#1590=EDGE_CURVE('',#1235,#1237,#660,.T.);
#1591=EDGE_CURVE('',#1238,#1236,#661,.T.);
#1592=EDGE_CURVE('',#1237,#1238,#662,.T.);
#1593=EDGE_CURVE('',#1239,#1237,#51,.T.);
#1594=EDGE_CURVE('',#1240,#1238,#52,.T.);
#1595=EDGE_CURVE('',#1239,#1240,#663,.T.);
#1596=EDGE_CURVE('',#1239,#1241,#664,.T.);
#1597=EDGE_CURVE('',#1242,#1240,#665,.T.);
#1598=EDGE_CURVE('',#1241,#1242,#666,.T.);
#1599=EDGE_CURVE('',#1243,#1241,#53,.T.);
#1600=EDGE_CURVE('',#1244,#1242,#54,.T.);
#1601=EDGE_CURVE('',#1243,#1244,#667,.T.);
#1602=EDGE_CURVE('',#1243,#1245,#668,.T.);
#1603=EDGE_CURVE('',#1246,#1244,#669,.T.);
#1604=EDGE_CURVE('',#1245,#1246,#670,.T.);
#1605=EDGE_CURVE('',#1231,#1245,#55,.T.);
#1606=EDGE_CURVE('',#1233,#1246,#56,.T.);
#1607=ORIENTED_EDGE('',*,*,#1247,.F.);
#1608=ORIENTED_EDGE('',*,*,#1248,.T.);
#1609=ORIENTED_EDGE('',*,*,#1249,.T.);
#1610=ORIENTED_EDGE('',*,*,#1250,.F.);
#1611=ORIENTED_EDGE('',*,*,#1251,.F.);
#1612=ORIENTED_EDGE('',*,*,#1252,.T.);
#1613=ORIENTED_EDGE('',*,*,#1253,.T.);
#1614=ORIENTED_EDGE('',*,*,#1248,.F.);
#1615=ORIENTED_EDGE('',*,*,#1254,.F.);
#1616=ORIENTED_EDGE('',*,*,#1255,.T.);
#1617=ORIENTED_EDGE('',*,*,#1256,.T.);
#1618=ORIENTED_EDGE('',*,*,#1252,.F.);
#1619=ORIENTED_EDGE('',*,*,#1257,.F.);
#1620=ORIENTED_EDGE('',*,*,#1258,.T.);
#1621=ORIENTED_EDGE('',*,*,#1259,.T.);
#1622=ORIENTED_EDGE('',*,*,#1255,.F.);
#1623=ORIENTED_EDGE('',*,*,#1260,.F.);
#1624=ORIENTED_EDGE('',*,*,#1261,.T.);
#1625=ORIENTED_EDGE('',*,*,#1262,.T.);
#1626=ORIENTED_EDGE('',*,*,#1258,.F.);
#1627=ORIENTED_EDGE('',*,*,#1263,.F.);
#1628=ORIENTED_EDGE('',*,*,#1264,.T.);
#1629=ORIENTED_EDGE('',*,*,#1265,.T.);
#1630=ORIENTED_EDGE('',*,*,#1261,.F.);
#1631=ORIENTED_EDGE('',*,*,#1266,.F.);
#1632=ORIENTED_EDGE('',*,*,#1267,.T.);
#1633=ORIENTED_EDGE('',*,*,#1268,.T.);
#1634=ORIENTED_EDGE('',*,*,#1264,.F.);
#1635=ORIENTED_EDGE('',*,*,#1269,.F.);
#1636=ORIENTED_EDGE('',*,*,#1250,.T.);
#1637=ORIENTED_EDGE('',*,*,#1270,.T.);
#1638=ORIENTED_EDGE('',*,*,#1267,.F.);
#1639=ORIENTED_EDGE('',*,*,#1270,.F.);
#1640=ORIENTED_EDGE('',*,*,#1249,.F.);
#1641=ORIENTED_EDGE('',*,*,#1253,.F.);
#1642=ORIENTED_EDGE('',*,*,#1256,.F.);
#1643=ORIENTED_EDGE('',*,*,#1259,.F.);
#1644=ORIENTED_EDGE('',*,*,#1262,.F.);
#1645=ORIENTED_EDGE('',*,*,#1265,.F.);
#1646=ORIENTED_EDGE('',*,*,#1268,.F.);
#1647=ORIENTED_EDGE('',*,*,#1271,.F.);
#1648=ORIENTED_EDGE('',*,*,#1272,.F.);
#1649=ORIENTED_EDGE('',*,*,#1273,.F.);
#1650=ORIENTED_EDGE('',*,*,#1274,.F.);
#1651=ORIENTED_EDGE('',*,*,#1275,.F.);
#1652=ORIENTED_EDGE('',*,*,#1276,.F.);
#1653=ORIENTED_EDGE('',*,*,#1277,.F.);
#1654=ORIENTED_EDGE('',*,*,#1278,.F.);
#1655=ORIENTED_EDGE('',*,*,#1274,.T.);
#1656=ORIENTED_EDGE('',*,*,#1279,.T.);
#1657=ORIENTED_EDGE('',*,*,#1280,.T.);
#1658=ORIENTED_EDGE('',*,*,#1281,.F.);
#1659=ORIENTED_EDGE('',*,*,#1273,.T.);
#1660=ORIENTED_EDGE('',*,*,#1282,.T.);
#1661=ORIENTED_EDGE('',*,*,#1283,.T.);
#1662=ORIENTED_EDGE('',*,*,#1279,.F.);
#1663=ORIENTED_EDGE('',*,*,#1272,.T.);
#1664=ORIENTED_EDGE('',*,*,#1284,.T.);
#1665=ORIENTED_EDGE('',*,*,#1285,.T.);
#1666=ORIENTED_EDGE('',*,*,#1282,.F.);
#1667=ORIENTED_EDGE('',*,*,#1271,.T.);
#1668=ORIENTED_EDGE('',*,*,#1286,.T.);
#1669=ORIENTED_EDGE('',*,*,#1287,.T.);
#1670=ORIENTED_EDGE('',*,*,#1284,.F.);
#1671=ORIENTED_EDGE('',*,*,#1288,.F.);
#1672=ORIENTED_EDGE('',*,*,#1289,.F.);
#1673=ORIENTED_EDGE('',*,*,#1290,.F.);
#1674=ORIENTED_EDGE('',*,*,#1291,.T.);
#1675=ORIENTED_EDGE('',*,*,#1292,.F.);
#1676=ORIENTED_EDGE('',*,*,#1291,.F.);
#1677=ORIENTED_EDGE('',*,*,#1293,.F.);
#1678=ORIENTED_EDGE('',*,*,#1294,.T.);
#1679=ORIENTED_EDGE('',*,*,#1295,.F.);
#1680=ORIENTED_EDGE('',*,*,#1294,.F.);
#1681=ORIENTED_EDGE('',*,*,#1296,.F.);
#1682=ORIENTED_EDGE('',*,*,#1297,.T.);
#1683=ORIENTED_EDGE('',*,*,#1298,.F.);
#1684=ORIENTED_EDGE('',*,*,#1297,.F.);
#1685=ORIENTED_EDGE('',*,*,#1299,.F.);
#1686=ORIENTED_EDGE('',*,*,#1300,.T.);
#1687=ORIENTED_EDGE('',*,*,#1301,.F.);
#1688=ORIENTED_EDGE('',*,*,#1300,.F.);
#1689=ORIENTED_EDGE('',*,*,#1302,.F.);
#1690=ORIENTED_EDGE('',*,*,#1303,.T.);
#1691=ORIENTED_EDGE('',*,*,#1304,.F.);
#1692=ORIENTED_EDGE('',*,*,#1303,.F.);
#1693=ORIENTED_EDGE('',*,*,#1305,.F.);
#1694=ORIENTED_EDGE('',*,*,#1306,.T.);
#1695=ORIENTED_EDGE('',*,*,#1307,.F.);
#1696=ORIENTED_EDGE('',*,*,#1306,.F.);
#1697=ORIENTED_EDGE('',*,*,#1308,.F.);
#1698=ORIENTED_EDGE('',*,*,#1309,.T.);
#1699=ORIENTED_EDGE('',*,*,#1310,.F.);
#1700=ORIENTED_EDGE('',*,*,#1309,.F.);
#1701=ORIENTED_EDGE('',*,*,#1311,.F.);
#1702=ORIENTED_EDGE('',*,*,#1312,.T.);
#1703=ORIENTED_EDGE('',*,*,#1313,.F.);
#1704=ORIENTED_EDGE('',*,*,#1312,.F.);
#1705=ORIENTED_EDGE('',*,*,#1314,.F.);
#1706=ORIENTED_EDGE('',*,*,#1315,.T.);
#1707=ORIENTED_EDGE('',*,*,#1316,.F.);
#1708=ORIENTED_EDGE('',*,*,#1315,.F.);
#1709=ORIENTED_EDGE('',*,*,#1317,.F.);
#1710=ORIENTED_EDGE('',*,*,#1318,.T.);
#1711=ORIENTED_EDGE('',*,*,#1319,.F.);
#1712=ORIENTED_EDGE('',*,*,#1318,.F.);
#1713=ORIENTED_EDGE('',*,*,#1320,.F.);
#1714=ORIENTED_EDGE('',*,*,#1321,.T.);
#1715=ORIENTED_EDGE('',*,*,#1322,.F.);
#1716=ORIENTED_EDGE('',*,*,#1321,.F.);
#1717=ORIENTED_EDGE('',*,*,#1323,.F.);
#1718=ORIENTED_EDGE('',*,*,#1289,.T.);
#1719=ORIENTED_EDGE('',*,*,#1324,.F.);
#1720=ORIENTED_EDGE('',*,*,#1325,.F.);
#1721=ORIENTED_EDGE('',*,*,#1326,.F.);
#1722=ORIENTED_EDGE('',*,*,#1327,.T.);
#1723=ORIENTED_EDGE('',*,*,#1328,.F.);
#1724=ORIENTED_EDGE('',*,*,#1327,.F.);
#1725=ORIENTED_EDGE('',*,*,#1329,.F.);
#1726=ORIENTED_EDGE('',*,*,#1330,.T.);
#1727=ORIENTED_EDGE('',*,*,#1331,.F.);
#1728=ORIENTED_EDGE('',*,*,#1330,.F.);
#1729=ORIENTED_EDGE('',*,*,#1332,.F.);
#1730=ORIENTED_EDGE('',*,*,#1333,.T.);
#1731=ORIENTED_EDGE('',*,*,#1334,.F.);
#1732=ORIENTED_EDGE('',*,*,#1333,.F.);
#1733=ORIENTED_EDGE('',*,*,#1335,.F.);
#1734=ORIENTED_EDGE('',*,*,#1336,.T.);
#1735=ORIENTED_EDGE('',*,*,#1337,.F.);
#1736=ORIENTED_EDGE('',*,*,#1336,.F.);
#1737=ORIENTED_EDGE('',*,*,#1338,.F.);
#1738=ORIENTED_EDGE('',*,*,#1339,.T.);
#1739=ORIENTED_EDGE('',*,*,#1340,.F.);
#1740=ORIENTED_EDGE('',*,*,#1339,.F.);
#1741=ORIENTED_EDGE('',*,*,#1341,.F.);
#1742=ORIENTED_EDGE('',*,*,#1342,.T.);
#1743=ORIENTED_EDGE('',*,*,#1343,.F.);
#1744=ORIENTED_EDGE('',*,*,#1342,.F.);
#1745=ORIENTED_EDGE('',*,*,#1344,.F.);
#1746=ORIENTED_EDGE('',*,*,#1345,.T.);
#1747=ORIENTED_EDGE('',*,*,#1346,.F.);
#1748=ORIENTED_EDGE('',*,*,#1345,.F.);
#1749=ORIENTED_EDGE('',*,*,#1347,.F.);
#1750=ORIENTED_EDGE('',*,*,#1348,.T.);
#1751=ORIENTED_EDGE('',*,*,#1349,.F.);
#1752=ORIENTED_EDGE('',*,*,#1348,.F.);
#1753=ORIENTED_EDGE('',*,*,#1350,.F.);
#1754=ORIENTED_EDGE('',*,*,#1351,.T.);
#1755=ORIENTED_EDGE('',*,*,#1352,.F.);
#1756=ORIENTED_EDGE('',*,*,#1351,.F.);
#1757=ORIENTED_EDGE('',*,*,#1353,.F.);
#1758=ORIENTED_EDGE('',*,*,#1354,.T.);
#1759=ORIENTED_EDGE('',*,*,#1355,.F.);
#1760=ORIENTED_EDGE('',*,*,#1354,.F.);
#1761=ORIENTED_EDGE('',*,*,#1356,.F.);
#1762=ORIENTED_EDGE('',*,*,#1357,.T.);
#1763=ORIENTED_EDGE('',*,*,#1358,.F.);
#1764=ORIENTED_EDGE('',*,*,#1357,.F.);
#1765=ORIENTED_EDGE('',*,*,#1359,.F.);
#1766=ORIENTED_EDGE('',*,*,#1325,.T.);
#1767=ORIENTED_EDGE('',*,*,#1360,.F.);
#1768=ORIENTED_EDGE('',*,*,#1361,.F.);
#1769=ORIENTED_EDGE('',*,*,#1362,.F.);
#1770=ORIENTED_EDGE('',*,*,#1363,.T.);
#1771=ORIENTED_EDGE('',*,*,#1364,.F.);
#1772=ORIENTED_EDGE('',*,*,#1363,.F.);
#1773=ORIENTED_EDGE('',*,*,#1365,.F.);
#1774=ORIENTED_EDGE('',*,*,#1366,.T.);
#1775=ORIENTED_EDGE('',*,*,#1367,.F.);
#1776=ORIENTED_EDGE('',*,*,#1366,.F.);
#1777=ORIENTED_EDGE('',*,*,#1368,.F.);
#1778=ORIENTED_EDGE('',*,*,#1369,.T.);
#1779=ORIENTED_EDGE('',*,*,#1370,.F.);
#1780=ORIENTED_EDGE('',*,*,#1369,.F.);
#1781=ORIENTED_EDGE('',*,*,#1371,.F.);
#1782=ORIENTED_EDGE('',*,*,#1372,.T.);
#1783=ORIENTED_EDGE('',*,*,#1373,.F.);
#1784=ORIENTED_EDGE('',*,*,#1372,.F.);
#1785=ORIENTED_EDGE('',*,*,#1374,.F.);
#1786=ORIENTED_EDGE('',*,*,#1375,.T.);
#1787=ORIENTED_EDGE('',*,*,#1376,.F.);
#1788=ORIENTED_EDGE('',*,*,#1375,.F.);
#1789=ORIENTED_EDGE('',*,*,#1377,.F.);
#1790=ORIENTED_EDGE('',*,*,#1378,.T.);
#1791=ORIENTED_EDGE('',*,*,#1379,.F.);
#1792=ORIENTED_EDGE('',*,*,#1378,.F.);
#1793=ORIENTED_EDGE('',*,*,#1380,.F.);
#1794=ORIENTED_EDGE('',*,*,#1381,.T.);
#1795=ORIENTED_EDGE('',*,*,#1382,.F.);
#1796=ORIENTED_EDGE('',*,*,#1381,.F.);
#1797=ORIENTED_EDGE('',*,*,#1383,.F.);
#1798=ORIENTED_EDGE('',*,*,#1384,.T.);
#1799=ORIENTED_EDGE('',*,*,#1385,.F.);
#1800=ORIENTED_EDGE('',*,*,#1384,.F.);
#1801=ORIENTED_EDGE('',*,*,#1386,.F.);
#1802=ORIENTED_EDGE('',*,*,#1387,.T.);
#1803=ORIENTED_EDGE('',*,*,#1388,.F.);
#1804=ORIENTED_EDGE('',*,*,#1387,.F.);
#1805=ORIENTED_EDGE('',*,*,#1389,.F.);
#1806=ORIENTED_EDGE('',*,*,#1390,.T.);
#1807=ORIENTED_EDGE('',*,*,#1391,.F.);
#1808=ORIENTED_EDGE('',*,*,#1390,.F.);
#1809=ORIENTED_EDGE('',*,*,#1392,.F.);
#1810=ORIENTED_EDGE('',*,*,#1393,.T.);
#1811=ORIENTED_EDGE('',*,*,#1394,.F.);
#1812=ORIENTED_EDGE('',*,*,#1393,.F.);
#1813=ORIENTED_EDGE('',*,*,#1395,.F.);
#1814=ORIENTED_EDGE('',*,*,#1361,.T.);
#1815=ORIENTED_EDGE('',*,*,#1396,.F.);
#1816=ORIENTED_EDGE('',*,*,#1397,.F.);
#1817=ORIENTED_EDGE('',*,*,#1398,.F.);
#1818=ORIENTED_EDGE('',*,*,#1399,.T.);
#1819=ORIENTED_EDGE('',*,*,#1400,.F.);
#1820=ORIENTED_EDGE('',*,*,#1399,.F.);
#1821=ORIENTED_EDGE('',*,*,#1401,.F.);
#1822=ORIENTED_EDGE('',*,*,#1402,.T.);
#1823=ORIENTED_EDGE('',*,*,#1403,.F.);
#1824=ORIENTED_EDGE('',*,*,#1402,.F.);
#1825=ORIENTED_EDGE('',*,*,#1404,.F.);
#1826=ORIENTED_EDGE('',*,*,#1405,.T.);
#1827=ORIENTED_EDGE('',*,*,#1406,.F.);
#1828=ORIENTED_EDGE('',*,*,#1405,.F.);
#1829=ORIENTED_EDGE('',*,*,#1407,.F.);
#1830=ORIENTED_EDGE('',*,*,#1408,.T.);
#1831=ORIENTED_EDGE('',*,*,#1409,.F.);
#1832=ORIENTED_EDGE('',*,*,#1408,.F.);
#1833=ORIENTED_EDGE('',*,*,#1410,.F.);
#1834=ORIENTED_EDGE('',*,*,#1411,.T.);
#1835=ORIENTED_EDGE('',*,*,#1412,.F.);
#1836=ORIENTED_EDGE('',*,*,#1411,.F.);
#1837=ORIENTED_EDGE('',*,*,#1413,.F.);
#1838=ORIENTED_EDGE('',*,*,#1414,.T.);
#1839=ORIENTED_EDGE('',*,*,#1415,.F.);
#1840=ORIENTED_EDGE('',*,*,#1414,.F.);
#1841=ORIENTED_EDGE('',*,*,#1416,.F.);
#1842=ORIENTED_EDGE('',*,*,#1417,.T.);
#1843=ORIENTED_EDGE('',*,*,#1418,.F.);
#1844=ORIENTED_EDGE('',*,*,#1417,.F.);
#1845=ORIENTED_EDGE('',*,*,#1419,.F.);
#1846=ORIENTED_EDGE('',*,*,#1420,.T.);
#1847=ORIENTED_EDGE('',*,*,#1421,.F.);
#1848=ORIENTED_EDGE('',*,*,#1420,.F.);
#1849=ORIENTED_EDGE('',*,*,#1422,.F.);
#1850=ORIENTED_EDGE('',*,*,#1423,.T.);
#1851=ORIENTED_EDGE('',*,*,#1424,.F.);
#1852=ORIENTED_EDGE('',*,*,#1423,.F.);
#1853=ORIENTED_EDGE('',*,*,#1425,.F.);
#1854=ORIENTED_EDGE('',*,*,#1426,.T.);
#1855=ORIENTED_EDGE('',*,*,#1427,.F.);
#1856=ORIENTED_EDGE('',*,*,#1426,.F.);
#1857=ORIENTED_EDGE('',*,*,#1428,.F.);
#1858=ORIENTED_EDGE('',*,*,#1429,.T.);
#1859=ORIENTED_EDGE('',*,*,#1430,.F.);
#1860=ORIENTED_EDGE('',*,*,#1429,.F.);
#1861=ORIENTED_EDGE('',*,*,#1431,.F.);
#1862=ORIENTED_EDGE('',*,*,#1397,.T.);
#1863=ORIENTED_EDGE('',*,*,#1432,.F.);
#1864=ORIENTED_EDGE('',*,*,#1433,.F.);
#1865=ORIENTED_EDGE('',*,*,#1434,.F.);
#1866=ORIENTED_EDGE('',*,*,#1435,.T.);
#1867=ORIENTED_EDGE('',*,*,#1436,.F.);
#1868=ORIENTED_EDGE('',*,*,#1435,.F.);
#1869=ORIENTED_EDGE('',*,*,#1437,.F.);
#1870=ORIENTED_EDGE('',*,*,#1438,.T.);
#1871=ORIENTED_EDGE('',*,*,#1439,.F.);
#1872=ORIENTED_EDGE('',*,*,#1438,.F.);
#1873=ORIENTED_EDGE('',*,*,#1440,.F.);
#1874=ORIENTED_EDGE('',*,*,#1441,.T.);
#1875=ORIENTED_EDGE('',*,*,#1442,.F.);
#1876=ORIENTED_EDGE('',*,*,#1441,.F.);
#1877=ORIENTED_EDGE('',*,*,#1443,.F.);
#1878=ORIENTED_EDGE('',*,*,#1444,.T.);
#1879=ORIENTED_EDGE('',*,*,#1445,.F.);
#1880=ORIENTED_EDGE('',*,*,#1444,.F.);
#1881=ORIENTED_EDGE('',*,*,#1446,.F.);
#1882=ORIENTED_EDGE('',*,*,#1447,.T.);
#1883=ORIENTED_EDGE('',*,*,#1448,.F.);
#1884=ORIENTED_EDGE('',*,*,#1447,.F.);
#1885=ORIENTED_EDGE('',*,*,#1449,.F.);
#1886=ORIENTED_EDGE('',*,*,#1450,.T.);
#1887=ORIENTED_EDGE('',*,*,#1451,.F.);
#1888=ORIENTED_EDGE('',*,*,#1450,.F.);
#1889=ORIENTED_EDGE('',*,*,#1452,.F.);
#1890=ORIENTED_EDGE('',*,*,#1453,.T.);
#1891=ORIENTED_EDGE('',*,*,#1454,.F.);
#1892=ORIENTED_EDGE('',*,*,#1453,.F.);
#1893=ORIENTED_EDGE('',*,*,#1455,.F.);
#1894=ORIENTED_EDGE('',*,*,#1456,.T.);
#1895=ORIENTED_EDGE('',*,*,#1457,.F.);
#1896=ORIENTED_EDGE('',*,*,#1456,.F.);
#1897=ORIENTED_EDGE('',*,*,#1458,.F.);
#1898=ORIENTED_EDGE('',*,*,#1459,.T.);
#1899=ORIENTED_EDGE('',*,*,#1460,.F.);
#1900=ORIENTED_EDGE('',*,*,#1459,.F.);
#1901=ORIENTED_EDGE('',*,*,#1461,.F.);
#1902=ORIENTED_EDGE('',*,*,#1462,.T.);
#1903=ORIENTED_EDGE('',*,*,#1463,.F.);
#1904=ORIENTED_EDGE('',*,*,#1462,.F.);
#1905=ORIENTED_EDGE('',*,*,#1464,.F.);
#1906=ORIENTED_EDGE('',*,*,#1465,.T.);
#1907=ORIENTED_EDGE('',*,*,#1466,.F.);
#1908=ORIENTED_EDGE('',*,*,#1465,.F.);
#1909=ORIENTED_EDGE('',*,*,#1467,.F.);
#1910=ORIENTED_EDGE('',*,*,#1433,.T.);
#1911=ORIENTED_EDGE('',*,*,#1468,.F.);
#1912=ORIENTED_EDGE('',*,*,#1469,.F.);
#1913=ORIENTED_EDGE('',*,*,#1470,.F.);
#1914=ORIENTED_EDGE('',*,*,#1471,.T.);
#1915=ORIENTED_EDGE('',*,*,#1472,.F.);
#1916=ORIENTED_EDGE('',*,*,#1471,.F.);
#1917=ORIENTED_EDGE('',*,*,#1473,.F.);
#1918=ORIENTED_EDGE('',*,*,#1474,.T.);
#1919=ORIENTED_EDGE('',*,*,#1475,.F.);
#1920=ORIENTED_EDGE('',*,*,#1474,.F.);
#1921=ORIENTED_EDGE('',*,*,#1476,.F.);
#1922=ORIENTED_EDGE('',*,*,#1477,.T.);
#1923=ORIENTED_EDGE('',*,*,#1478,.F.);
#1924=ORIENTED_EDGE('',*,*,#1477,.F.);
#1925=ORIENTED_EDGE('',*,*,#1479,.F.);
#1926=ORIENTED_EDGE('',*,*,#1480,.T.);
#1927=ORIENTED_EDGE('',*,*,#1481,.F.);
#1928=ORIENTED_EDGE('',*,*,#1480,.F.);
#1929=ORIENTED_EDGE('',*,*,#1482,.F.);
#1930=ORIENTED_EDGE('',*,*,#1483,.T.);
#1931=ORIENTED_EDGE('',*,*,#1484,.F.);
#1932=ORIENTED_EDGE('',*,*,#1483,.F.);
#1933=ORIENTED_EDGE('',*,*,#1485,.F.);
#1934=ORIENTED_EDGE('',*,*,#1486,.T.);
#1935=ORIENTED_EDGE('',*,*,#1487,.F.);
#1936=ORIENTED_EDGE('',*,*,#1486,.F.);
#1937=ORIENTED_EDGE('',*,*,#1488,.F.);
#1938=ORIENTED_EDGE('',*,*,#1489,.T.);
#1939=ORIENTED_EDGE('',*,*,#1490,.F.);
#1940=ORIENTED_EDGE('',*,*,#1489,.F.);
#1941=ORIENTED_EDGE('',*,*,#1491,.F.);
#1942=ORIENTED_EDGE('',*,*,#1492,.T.);
#1943=ORIENTED_EDGE('',*,*,#1493,.F.);
#1944=ORIENTED_EDGE('',*,*,#1492,.F.);
#1945=ORIENTED_EDGE('',*,*,#1494,.F.);
#1946=ORIENTED_EDGE('',*,*,#1495,.T.);
#1947=ORIENTED_EDGE('',*,*,#1496,.F.);
#1948=ORIENTED_EDGE('',*,*,#1495,.F.);
#1949=ORIENTED_EDGE('',*,*,#1497,.F.);
#1950=ORIENTED_EDGE('',*,*,#1498,.T.);
#1951=ORIENTED_EDGE('',*,*,#1499,.F.);
#1952=ORIENTED_EDGE('',*,*,#1498,.F.);
#1953=ORIENTED_EDGE('',*,*,#1500,.F.);
#1954=ORIENTED_EDGE('',*,*,#1501,.T.);
#1955=ORIENTED_EDGE('',*,*,#1502,.F.);
#1956=ORIENTED_EDGE('',*,*,#1501,.F.);
#1957=ORIENTED_EDGE('',*,*,#1503,.F.);
#1958=ORIENTED_EDGE('',*,*,#1469,.T.);
#1959=ORIENTED_EDGE('',*,*,#1504,.F.);
#1960=ORIENTED_EDGE('',*,*,#1505,.F.);
#1961=ORIENTED_EDGE('',*,*,#1506,.F.);
#1962=ORIENTED_EDGE('',*,*,#1507,.T.);
#1963=ORIENTED_EDGE('',*,*,#1508,.F.);
#1964=ORIENTED_EDGE('',*,*,#1507,.F.);
#1965=ORIENTED_EDGE('',*,*,#1509,.F.);
#1966=ORIENTED_EDGE('',*,*,#1510,.T.);
#1967=ORIENTED_EDGE('',*,*,#1511,.F.);
#1968=ORIENTED_EDGE('',*,*,#1510,.F.);
#1969=ORIENTED_EDGE('',*,*,#1512,.F.);
#1970=ORIENTED_EDGE('',*,*,#1513,.T.);
#1971=ORIENTED_EDGE('',*,*,#1514,.F.);
#1972=ORIENTED_EDGE('',*,*,#1513,.F.);
#1973=ORIENTED_EDGE('',*,*,#1515,.F.);
#1974=ORIENTED_EDGE('',*,*,#1516,.T.);
#1975=ORIENTED_EDGE('',*,*,#1517,.F.);
#1976=ORIENTED_EDGE('',*,*,#1516,.F.);
#1977=ORIENTED_EDGE('',*,*,#1518,.F.);
#1978=ORIENTED_EDGE('',*,*,#1519,.T.);
#1979=ORIENTED_EDGE('',*,*,#1520,.F.);
#1980=ORIENTED_EDGE('',*,*,#1519,.F.);
#1981=ORIENTED_EDGE('',*,*,#1521,.F.);
#1982=ORIENTED_EDGE('',*,*,#1522,.T.);
#1983=ORIENTED_EDGE('',*,*,#1523,.F.);
#1984=ORIENTED_EDGE('',*,*,#1522,.F.);
#1985=ORIENTED_EDGE('',*,*,#1524,.F.);
#1986=ORIENTED_EDGE('',*,*,#1525,.T.);
#1987=ORIENTED_EDGE('',*,*,#1526,.F.);
#1988=ORIENTED_EDGE('',*,*,#1525,.F.);
#1989=ORIENTED_EDGE('',*,*,#1527,.F.);
#1990=ORIENTED_EDGE('',*,*,#1528,.T.);
#1991=ORIENTED_EDGE('',*,*,#1529,.F.);
#1992=ORIENTED_EDGE('',*,*,#1528,.F.);
#1993=ORIENTED_EDGE('',*,*,#1530,.F.);
#1994=ORIENTED_EDGE('',*,*,#1531,.T.);
#1995=ORIENTED_EDGE('',*,*,#1532,.F.);
#1996=ORIENTED_EDGE('',*,*,#1531,.F.);
#1997=ORIENTED_EDGE('',*,*,#1533,.F.);
#1998=ORIENTED_EDGE('',*,*,#1534,.T.);
#1999=ORIENTED_EDGE('',*,*,#1535,.F.);
#2000=ORIENTED_EDGE('',*,*,#1534,.F.);
#2001=ORIENTED_EDGE('',*,*,#1536,.F.);
#2002=ORIENTED_EDGE('',*,*,#1537,.T.);
#2003=ORIENTED_EDGE('',*,*,#1538,.F.);
#2004=ORIENTED_EDGE('',*,*,#1537,.F.);
#2005=ORIENTED_EDGE('',*,*,#1539,.F.);
#2006=ORIENTED_EDGE('',*,*,#1505,.T.);
#2007=ORIENTED_EDGE('',*,*,#1540,.F.);
#2008=ORIENTED_EDGE('',*,*,#1541,.F.);
#2009=ORIENTED_EDGE('',*,*,#1542,.F.);
#2010=ORIENTED_EDGE('',*,*,#1543,.T.);
#2011=ORIENTED_EDGE('',*,*,#1544,.F.);
#2012=ORIENTED_EDGE('',*,*,#1543,.F.);
#2013=ORIENTED_EDGE('',*,*,#1545,.F.);
#2014=ORIENTED_EDGE('',*,*,#1546,.T.);
#2015=ORIENTED_EDGE('',*,*,#1547,.F.);
#2016=ORIENTED_EDGE('',*,*,#1546,.F.);
#2017=ORIENTED_EDGE('',*,*,#1548,.F.);
#2018=ORIENTED_EDGE('',*,*,#1549,.T.);
#2019=ORIENTED_EDGE('',*,*,#1550,.F.);
#2020=ORIENTED_EDGE('',*,*,#1549,.F.);
#2021=ORIENTED_EDGE('',*,*,#1551,.F.);
#2022=ORIENTED_EDGE('',*,*,#1552,.T.);
#2023=ORIENTED_EDGE('',*,*,#1553,.F.);
#2024=ORIENTED_EDGE('',*,*,#1552,.F.);
#2025=ORIENTED_EDGE('',*,*,#1554,.F.);
#2026=ORIENTED_EDGE('',*,*,#1555,.T.);
#2027=ORIENTED_EDGE('',*,*,#1556,.F.);
#2028=ORIENTED_EDGE('',*,*,#1555,.F.);
#2029=ORIENTED_EDGE('',*,*,#1557,.F.);
#2030=ORIENTED_EDGE('',*,*,#1558,.T.);
#2031=ORIENTED_EDGE('',*,*,#1559,.F.);
#2032=ORIENTED_EDGE('',*,*,#1558,.F.);
#2033=ORIENTED_EDGE('',*,*,#1560,.F.);
#2034=ORIENTED_EDGE('',*,*,#1561,.T.);
#2035=ORIENTED_EDGE('',*,*,#1562,.F.);
#2036=ORIENTED_EDGE('',*,*,#1561,.F.);
#2037=ORIENTED_EDGE('',*,*,#1563,.F.);
#2038=ORIENTED_EDGE('',*,*,#1564,.T.);
#2039=ORIENTED_EDGE('',*,*,#1565,.F.);
#2040=ORIENTED_EDGE('',*,*,#1564,.F.);
#2041=ORIENTED_EDGE('',*,*,#1566,.F.);
#2042=ORIENTED_EDGE('',*,*,#1567,.T.);
#2043=ORIENTED_EDGE('',*,*,#1568,.F.);
#2044=ORIENTED_EDGE('',*,*,#1567,.F.);
#2045=ORIENTED_EDGE('',*,*,#1569,.F.);
#2046=ORIENTED_EDGE('',*,*,#1570,.T.);
#2047=ORIENTED_EDGE('',*,*,#1571,.F.);
#2048=ORIENTED_EDGE('',*,*,#1570,.F.);
#2049=ORIENTED_EDGE('',*,*,#1572,.F.);
#2050=ORIENTED_EDGE('',*,*,#1573,.T.);
#2051=ORIENTED_EDGE('',*,*,#1574,.F.);
#2052=ORIENTED_EDGE('',*,*,#1573,.F.);
#2053=ORIENTED_EDGE('',*,*,#1575,.F.);
#2054=ORIENTED_EDGE('',*,*,#1541,.T.);
#2055=ORIENTED_EDGE('',*,*,#1278,.T.);
#2056=ORIENTED_EDGE('',*,*,#1576,.T.);
#2057=ORIENTED_EDGE('',*,*,#1577,.T.);
#2058=ORIENTED_EDGE('',*,*,#1286,.F.);
#2059=ORIENTED_EDGE('',*,*,#1277,.T.);
#2060=ORIENTED_EDGE('',*,*,#1578,.T.);
#2061=ORIENTED_EDGE('',*,*,#1579,.T.);
#2062=ORIENTED_EDGE('',*,*,#1576,.F.);
#2063=ORIENTED_EDGE('',*,*,#1276,.T.);
#2064=ORIENTED_EDGE('',*,*,#1580,.T.);
#2065=ORIENTED_EDGE('',*,*,#1581,.T.);
#2066=ORIENTED_EDGE('',*,*,#1578,.F.);
#2067=ORIENTED_EDGE('',*,*,#1275,.T.);
#2068=ORIENTED_EDGE('',*,*,#1281,.T.);
#2069=ORIENTED_EDGE('',*,*,#1582,.T.);
#2070=ORIENTED_EDGE('',*,*,#1580,.F.);
#2071=ORIENTED_EDGE('',*,*,#1287,.F.);
#2072=ORIENTED_EDGE('',*,*,#1577,.F.);
#2073=ORIENTED_EDGE('',*,*,#1579,.F.);
#2074=ORIENTED_EDGE('',*,*,#1581,.F.);
#2075=ORIENTED_EDGE('',*,*,#1582,.F.);
#2076=ORIENTED_EDGE('',*,*,#1280,.F.);
#2077=ORIENTED_EDGE('',*,*,#1283,.F.);
#2078=ORIENTED_EDGE('',*,*,#1285,.F.);
#2079=ORIENTED_EDGE('',*,*,#1559,.T.);
#2080=ORIENTED_EDGE('',*,*,#1562,.T.);
#2081=ORIENTED_EDGE('',*,*,#1565,.T.);
#2082=ORIENTED_EDGE('',*,*,#1568,.T.);
#2083=ORIENTED_EDGE('',*,*,#1571,.T.);
#2084=ORIENTED_EDGE('',*,*,#1574,.T.);
#2085=ORIENTED_EDGE('',*,*,#1540,.T.);
#2086=ORIENTED_EDGE('',*,*,#1544,.T.);
#2087=ORIENTED_EDGE('',*,*,#1547,.T.);
#2088=ORIENTED_EDGE('',*,*,#1550,.T.);
#2089=ORIENTED_EDGE('',*,*,#1553,.T.);
#2090=ORIENTED_EDGE('',*,*,#1556,.T.);
#2091=ORIENTED_EDGE('',*,*,#1523,.T.);
#2092=ORIENTED_EDGE('',*,*,#1526,.T.);
#2093=ORIENTED_EDGE('',*,*,#1529,.T.);
#2094=ORIENTED_EDGE('',*,*,#1532,.T.);
#2095=ORIENTED_EDGE('',*,*,#1535,.T.);
#2096=ORIENTED_EDGE('',*,*,#1538,.T.);
#2097=ORIENTED_EDGE('',*,*,#1504,.T.);
#2098=ORIENTED_EDGE('',*,*,#1508,.T.);
#2099=ORIENTED_EDGE('',*,*,#1511,.T.);
#2100=ORIENTED_EDGE('',*,*,#1514,.T.);
#2101=ORIENTED_EDGE('',*,*,#1517,.T.);
#2102=ORIENTED_EDGE('',*,*,#1520,.T.);
#2103=ORIENTED_EDGE('',*,*,#1487,.T.);
#2104=ORIENTED_EDGE('',*,*,#1490,.T.);
#2105=ORIENTED_EDGE('',*,*,#1493,.T.);
#2106=ORIENTED_EDGE('',*,*,#1496,.T.);
#2107=ORIENTED_EDGE('',*,*,#1499,.T.);
#2108=ORIENTED_EDGE('',*,*,#1502,.T.);
#2109=ORIENTED_EDGE('',*,*,#1468,.T.);
#2110=ORIENTED_EDGE('',*,*,#1472,.T.);
#2111=ORIENTED_EDGE('',*,*,#1475,.T.);
#2112=ORIENTED_EDGE('',*,*,#1478,.T.);
#2113=ORIENTED_EDGE('',*,*,#1481,.T.);
#2114=ORIENTED_EDGE('',*,*,#1484,.T.);
#2115=ORIENTED_EDGE('',*,*,#1451,.T.);
#2116=ORIENTED_EDGE('',*,*,#1454,.T.);
#2117=ORIENTED_EDGE('',*,*,#1457,.T.);
#2118=ORIENTED_EDGE('',*,*,#1460,.T.);
#2119=ORIENTED_EDGE('',*,*,#1463,.T.);
#2120=ORIENTED_EDGE('',*,*,#1466,.T.);
#2121=ORIENTED_EDGE('',*,*,#1432,.T.);
#2122=ORIENTED_EDGE('',*,*,#1436,.T.);
#2123=ORIENTED_EDGE('',*,*,#1439,.T.);
#2124=ORIENTED_EDGE('',*,*,#1442,.T.);
#2125=ORIENTED_EDGE('',*,*,#1445,.T.);
#2126=ORIENTED_EDGE('',*,*,#1448,.T.);
#2127=ORIENTED_EDGE('',*,*,#1415,.T.);
#2128=ORIENTED_EDGE('',*,*,#1418,.T.);
#2129=ORIENTED_EDGE('',*,*,#1421,.T.);
#2130=ORIENTED_EDGE('',*,*,#1424,.T.);
#2131=ORIENTED_EDGE('',*,*,#1427,.T.);
#2132=ORIENTED_EDGE('',*,*,#1430,.T.);
#2133=ORIENTED_EDGE('',*,*,#1396,.T.);
#2134=ORIENTED_EDGE('',*,*,#1400,.T.);
#2135=ORIENTED_EDGE('',*,*,#1403,.T.);
#2136=ORIENTED_EDGE('',*,*,#1406,.T.);
#2137=ORIENTED_EDGE('',*,*,#1409,.T.);
#2138=ORIENTED_EDGE('',*,*,#1412,.T.);
#2139=ORIENTED_EDGE('',*,*,#1379,.T.);
#2140=ORIENTED_EDGE('',*,*,#1382,.T.);
#2141=ORIENTED_EDGE('',*,*,#1385,.T.);
#2142=ORIENTED_EDGE('',*,*,#1388,.T.);
#2143=ORIENTED_EDGE('',*,*,#1391,.T.);
#2144=ORIENTED_EDGE('',*,*,#1394,.T.);
#2145=ORIENTED_EDGE('',*,*,#1360,.T.);
#2146=ORIENTED_EDGE('',*,*,#1364,.T.);
#2147=ORIENTED_EDGE('',*,*,#1367,.T.);
#2148=ORIENTED_EDGE('',*,*,#1370,.T.);
#2149=ORIENTED_EDGE('',*,*,#1373,.T.);
#2150=ORIENTED_EDGE('',*,*,#1376,.T.);
#2151=ORIENTED_EDGE('',*,*,#1343,.T.);
#2152=ORIENTED_EDGE('',*,*,#1346,.T.);
#2153=ORIENTED_EDGE('',*,*,#1349,.T.);
#2154=ORIENTED_EDGE('',*,*,#1352,.T.);
#2155=ORIENTED_EDGE('',*,*,#1355,.T.);
#2156=ORIENTED_EDGE('',*,*,#1358,.T.);
#2157=ORIENTED_EDGE('',*,*,#1324,.T.);
#2158=ORIENTED_EDGE('',*,*,#1328,.T.);
#2159=ORIENTED_EDGE('',*,*,#1331,.T.);
#2160=ORIENTED_EDGE('',*,*,#1334,.T.);
#2161=ORIENTED_EDGE('',*,*,#1337,.T.);
#2162=ORIENTED_EDGE('',*,*,#1340,.T.);
#2163=ORIENTED_EDGE('',*,*,#1307,.T.);
#2164=ORIENTED_EDGE('',*,*,#1310,.T.);
#2165=ORIENTED_EDGE('',*,*,#1313,.T.);
#2166=ORIENTED_EDGE('',*,*,#1316,.T.);
#2167=ORIENTED_EDGE('',*,*,#1319,.T.);
#2168=ORIENTED_EDGE('',*,*,#1322,.T.);
#2169=ORIENTED_EDGE('',*,*,#1288,.T.);
#2170=ORIENTED_EDGE('',*,*,#1292,.T.);
#2171=ORIENTED_EDGE('',*,*,#1295,.T.);
#2172=ORIENTED_EDGE('',*,*,#1298,.T.);
#2173=ORIENTED_EDGE('',*,*,#1301,.T.);
#2174=ORIENTED_EDGE('',*,*,#1304,.T.);
#2175=ORIENTED_EDGE('',*,*,#1583,.F.);
#2176=ORIENTED_EDGE('',*,*,#1584,.T.);
#2177=ORIENTED_EDGE('',*,*,#1585,.F.);
#2178=ORIENTED_EDGE('',*,*,#1586,.F.);
#2179=ORIENTED_EDGE('',*,*,#1587,.T.);
#2180=ORIENTED_EDGE('',*,*,#1586,.T.);
#2181=ORIENTED_EDGE('',*,*,#1588,.F.);
#2182=ORIENTED_EDGE('',*,*,#1589,.F.);
#2183=ORIENTED_EDGE('',*,*,#1590,.F.);
#2184=ORIENTED_EDGE('',*,*,#1589,.T.);
#2185=ORIENTED_EDGE('',*,*,#1591,.F.);
#2186=ORIENTED_EDGE('',*,*,#1592,.F.);
#2187=ORIENTED_EDGE('',*,*,#1593,.T.);
#2188=ORIENTED_EDGE('',*,*,#1592,.T.);
#2189=ORIENTED_EDGE('',*,*,#1594,.F.);
#2190=ORIENTED_EDGE('',*,*,#1595,.F.);
#2191=ORIENTED_EDGE('',*,*,#1596,.F.);
#2192=ORIENTED_EDGE('',*,*,#1595,.T.);
#2193=ORIENTED_EDGE('',*,*,#1597,.F.);
#2194=ORIENTED_EDGE('',*,*,#1598,.F.);
#2195=ORIENTED_EDGE('',*,*,#1599,.T.);
#2196=ORIENTED_EDGE('',*,*,#1598,.T.);
#2197=ORIENTED_EDGE('',*,*,#1600,.F.);
#2198=ORIENTED_EDGE('',*,*,#1601,.F.);
#2199=ORIENTED_EDGE('',*,*,#1602,.F.);
#2200=ORIENTED_EDGE('',*,*,#1601,.T.);
#2201=ORIENTED_EDGE('',*,*,#1603,.F.);
#2202=ORIENTED_EDGE('',*,*,#1604,.F.);
#2203=ORIENTED_EDGE('',*,*,#1605,.T.);
#2204=ORIENTED_EDGE('',*,*,#1604,.T.);
#2205=ORIENTED_EDGE('',*,*,#1606,.F.);
#2206=ORIENTED_EDGE('',*,*,#1584,.F.);
#2207=ORIENTED_EDGE('',*,*,#1606,.T.);
#2208=ORIENTED_EDGE('',*,*,#1603,.T.);
#2209=ORIENTED_EDGE('',*,*,#1600,.T.);
#2210=ORIENTED_EDGE('',*,*,#1597,.T.);
#2211=ORIENTED_EDGE('',*,*,#1594,.T.);
#2212=ORIENTED_EDGE('',*,*,#1591,.T.);
#2213=ORIENTED_EDGE('',*,*,#1588,.T.);
#2214=ORIENTED_EDGE('',*,*,#1585,.T.);
#2215=ORIENTED_EDGE('',*,*,#1560,.T.);
#2216=ORIENTED_EDGE('',*,*,#1557,.T.);
#2217=ORIENTED_EDGE('',*,*,#1554,.T.);
#2218=ORIENTED_EDGE('',*,*,#1551,.T.);
#2219=ORIENTED_EDGE('',*,*,#1548,.T.);
#2220=ORIENTED_EDGE('',*,*,#1545,.T.);
#2221=ORIENTED_EDGE('',*,*,#1542,.T.);
#2222=ORIENTED_EDGE('',*,*,#1575,.T.);
#2223=ORIENTED_EDGE('',*,*,#1572,.T.);
#2224=ORIENTED_EDGE('',*,*,#1569,.T.);
#2225=ORIENTED_EDGE('',*,*,#1566,.T.);
#2226=ORIENTED_EDGE('',*,*,#1563,.T.);
#2227=ORIENTED_EDGE('',*,*,#1524,.T.);
#2228=ORIENTED_EDGE('',*,*,#1521,.T.);
#2229=ORIENTED_EDGE('',*,*,#1518,.T.);
#2230=ORIENTED_EDGE('',*,*,#1515,.T.);
#2231=ORIENTED_EDGE('',*,*,#1512,.T.);
#2232=ORIENTED_EDGE('',*,*,#1509,.T.);
#2233=ORIENTED_EDGE('',*,*,#1506,.T.);
#2234=ORIENTED_EDGE('',*,*,#1539,.T.);
#2235=ORIENTED_EDGE('',*,*,#1536,.T.);
#2236=ORIENTED_EDGE('',*,*,#1533,.T.);
#2237=ORIENTED_EDGE('',*,*,#1530,.T.);
#2238=ORIENTED_EDGE('',*,*,#1527,.T.);
#2239=ORIENTED_EDGE('',*,*,#1488,.T.);
#2240=ORIENTED_EDGE('',*,*,#1485,.T.);
#2241=ORIENTED_EDGE('',*,*,#1482,.T.);
#2242=ORIENTED_EDGE('',*,*,#1479,.T.);
#2243=ORIENTED_EDGE('',*,*,#1476,.T.);
#2244=ORIENTED_EDGE('',*,*,#1473,.T.);
#2245=ORIENTED_EDGE('',*,*,#1470,.T.);
#2246=ORIENTED_EDGE('',*,*,#1503,.T.);
#2247=ORIENTED_EDGE('',*,*,#1500,.T.);
#2248=ORIENTED_EDGE('',*,*,#1497,.T.);
#2249=ORIENTED_EDGE('',*,*,#1494,.T.);
#2250=ORIENTED_EDGE('',*,*,#1491,.T.);
#2251=ORIENTED_EDGE('',*,*,#1452,.T.);
#2252=ORIENTED_EDGE('',*,*,#1449,.T.);
#2253=ORIENTED_EDGE('',*,*,#1446,.T.);
#2254=ORIENTED_EDGE('',*,*,#1443,.T.);
#2255=ORIENTED_EDGE('',*,*,#1440,.T.);
#2256=ORIENTED_EDGE('',*,*,#1437,.T.);
#2257=ORIENTED_EDGE('',*,*,#1434,.T.);
#2258=ORIENTED_EDGE('',*,*,#1467,.T.);
#2259=ORIENTED_EDGE('',*,*,#1464,.T.);
#2260=ORIENTED_EDGE('',*,*,#1461,.T.);
#2261=ORIENTED_EDGE('',*,*,#1458,.T.);
#2262=ORIENTED_EDGE('',*,*,#1455,.T.);
#2263=ORIENTED_EDGE('',*,*,#1416,.T.);
#2264=ORIENTED_EDGE('',*,*,#1413,.T.);
#2265=ORIENTED_EDGE('',*,*,#1410,.T.);
#2266=ORIENTED_EDGE('',*,*,#1407,.T.);
#2267=ORIENTED_EDGE('',*,*,#1404,.T.);
#2268=ORIENTED_EDGE('',*,*,#1401,.T.);
#2269=ORIENTED_EDGE('',*,*,#1398,.T.);
#2270=ORIENTED_EDGE('',*,*,#1431,.T.);
#2271=ORIENTED_EDGE('',*,*,#1428,.T.);
#2272=ORIENTED_EDGE('',*,*,#1425,.T.);
#2273=ORIENTED_EDGE('',*,*,#1422,.T.);
#2274=ORIENTED_EDGE('',*,*,#1419,.T.);
#2275=ORIENTED_EDGE('',*,*,#1380,.T.);
#2276=ORIENTED_EDGE('',*,*,#1377,.T.);
#2277=ORIENTED_EDGE('',*,*,#1374,.T.);
#2278=ORIENTED_EDGE('',*,*,#1371,.T.);
#2279=ORIENTED_EDGE('',*,*,#1368,.T.);
#2280=ORIENTED_EDGE('',*,*,#1365,.T.);
#2281=ORIENTED_EDGE('',*,*,#1362,.T.);
#2282=ORIENTED_EDGE('',*,*,#1395,.T.);
#2283=ORIENTED_EDGE('',*,*,#1392,.T.);
#2284=ORIENTED_EDGE('',*,*,#1389,.T.);
#2285=ORIENTED_EDGE('',*,*,#1386,.T.);
#2286=ORIENTED_EDGE('',*,*,#1383,.T.);
#2287=ORIENTED_EDGE('',*,*,#1344,.T.);
#2288=ORIENTED_EDGE('',*,*,#1341,.T.);
#2289=ORIENTED_EDGE('',*,*,#1338,.T.);
#2290=ORIENTED_EDGE('',*,*,#1335,.T.);
#2291=ORIENTED_EDGE('',*,*,#1332,.T.);
#2292=ORIENTED_EDGE('',*,*,#1329,.T.);
#2293=ORIENTED_EDGE('',*,*,#1326,.T.);
#2294=ORIENTED_EDGE('',*,*,#1359,.T.);
#2295=ORIENTED_EDGE('',*,*,#1356,.T.);
#2296=ORIENTED_EDGE('',*,*,#1353,.T.);
#2297=ORIENTED_EDGE('',*,*,#1350,.T.);
#2298=ORIENTED_EDGE('',*,*,#1347,.T.);
#2299=ORIENTED_EDGE('',*,*,#1308,.T.);
#2300=ORIENTED_EDGE('',*,*,#1305,.T.);
#2301=ORIENTED_EDGE('',*,*,#1302,.T.);
#2302=ORIENTED_EDGE('',*,*,#1299,.T.);
#2303=ORIENTED_EDGE('',*,*,#1296,.T.);
#2304=ORIENTED_EDGE('',*,*,#1293,.T.);
#2305=ORIENTED_EDGE('',*,*,#1290,.T.);
#2306=ORIENTED_EDGE('',*,*,#1323,.T.);
#2307=ORIENTED_EDGE('',*,*,#1320,.T.);
#2308=ORIENTED_EDGE('',*,*,#1317,.T.);
#2309=ORIENTED_EDGE('',*,*,#1314,.T.);
#2310=ORIENTED_EDGE('',*,*,#1311,.T.);
#2311=ORIENTED_EDGE('',*,*,#1605,.F.);
#2312=ORIENTED_EDGE('',*,*,#1583,.T.);
#2313=ORIENTED_EDGE('',*,*,#1587,.F.);
#2314=ORIENTED_EDGE('',*,*,#1590,.T.);
#2315=ORIENTED_EDGE('',*,*,#1593,.F.);
#2316=ORIENTED_EDGE('',*,*,#1596,.T.);
#2317=ORIENTED_EDGE('',*,*,#1599,.F.);
#2318=ORIENTED_EDGE('',*,*,#1602,.T.);
#2319=ORIENTED_EDGE('',*,*,#1247,.T.);
#2320=ORIENTED_EDGE('',*,*,#1269,.T.);
#2321=ORIENTED_EDGE('',*,*,#1266,.T.);
#2322=ORIENTED_EDGE('',*,*,#1263,.T.);
#2323=ORIENTED_EDGE('',*,*,#1260,.T.);
#2324=ORIENTED_EDGE('',*,*,#1257,.T.);
#2325=ORIENTED_EDGE('',*,*,#1254,.T.);
#2326=ORIENTED_EDGE('',*,*,#1251,.T.);
#2327=PLANE('',#2577);
#2328=PLANE('',#2581);
#2329=PLANE('',#2585);
#2330=PLANE('',#2589);
#2331=PLANE('',#2593);
#2332=PLANE('',#2598);
#2333=PLANE('',#2601);
#2334=PLANE('',#2604);
#2335=PLANE('',#2605);
#2336=PLANE('',#2606);
#2337=PLANE('',#2607);
#2338=PLANE('',#2608);
#2339=PLANE('',#2609);
#2340=PLANE('',#2610);
#2341=PLANE('',#2611);
#2342=PLANE('',#2612);
#2343=PLANE('',#2613);
#2344=PLANE('',#2614);
#2345=PLANE('',#2615);
#2346=PLANE('',#2616);
#2347=PLANE('',#2617);
#2348=PLANE('',#2618);
#2349=PLANE('',#2619);
#2350=PLANE('',#2620);
#2351=PLANE('',#2621);
#2352=PLANE('',#2622);
#2353=PLANE('',#2623);
#2354=PLANE('',#2624);
#2355=PLANE('',#2625);
#2356=PLANE('',#2626);
#2357=PLANE('',#2627);
#2358=PLANE('',#2628);
#2359=PLANE('',#2629);
#2360=PLANE('',#2630);
#2361=PLANE('',#2631);
#2362=PLANE('',#2632);
#2363=PLANE('',#2633);
#2364=PLANE('',#2634);
#2365=PLANE('',#2635);
#2366=PLANE('',#2636);
#2367=PLANE('',#2637);
#2368=PLANE('',#2638);
#2369=PLANE('',#2639);
#2370=PLANE('',#2640);
#2371=PLANE('',#2641);
#2372=PLANE('',#2642);
#2373=PLANE('',#2643);
#2374=PLANE('',#2644);
#2375=PLANE('',#2645);
#2376=PLANE('',#2646);
#2377=PLANE('',#2647);
#2378=PLANE('',#2648);
#2379=PLANE('',#2649);
#2380=PLANE('',#2650);
#2381=PLANE('',#2651);
#2382=PLANE('',#2652);
#2383=PLANE('',#2653);
#2384=PLANE('',#2654);
#2385=PLANE('',#2655);
#2386=PLANE('',#2656);
#2387=PLANE('',#2657);
#2388=PLANE('',#2658);
#2389=PLANE('',#2659);
#2390=PLANE('',#2660);
#2391=PLANE('',#2661);
#2392=PLANE('',#2662);
#2393=PLANE('',#2663);
#2394=PLANE('',#2664);
#2395=PLANE('',#2665);
#2396=PLANE('',#2666);
#2397=PLANE('',#2667);
#2398=PLANE('',#2668);
#2399=PLANE('',#2669);
#2400=PLANE('',#2670);
#2401=PLANE('',#2671);
#2402=PLANE('',#2672);
#2403=PLANE('',#2673);
#2404=PLANE('',#2674);
#2405=PLANE('',#2675);
#2406=PLANE('',#2676);
#2407=PLANE('',#2677);
#2408=PLANE('',#2678);
#2409=PLANE('',#2679);
#2410=PLANE('',#2680);
#2411=PLANE('',#2681);
#2412=PLANE('',#2682);
#2413=PLANE('',#2683);
#2414=PLANE('',#2684);
#2415=PLANE('',#2685);
#2416=PLANE('',#2686);
#2417=PLANE('',#2687);
#2418=PLANE('',#2688);
#2419=PLANE('',#2689);
#2420=PLANE('',#2690);
#2421=PLANE('',#2691);
#2422=PLANE('',#2692);
#2423=PLANE('',#2693);
#2424=PLANE('',#2694);
#2425=PLANE('',#2695);
#2426=PLANE('',#2696);
#2427=PLANE('',#2697);
#2428=PLANE('',#2698);
#2429=PLANE('',#2699);
#2430=PLANE('',#2700);
#2431=PLANE('',#2703);
#2432=PLANE('',#2706);
#2433=PLANE('',#2707);
#2434=PLANE('',#2711);
#2435=PLANE('',#2715);
#2436=PLANE('',#2719);
#2437=PLANE('',#2723);
#2438=PLANE('',#2724);
#2439=ADVANCED_FACE('',(#69),#2327,.F.);
#2440=ADVANCED_FACE('',(#70),#57,.F.);
#2441=ADVANCED_FACE('',(#71),#2328,.F.);
#2442=ADVANCED_FACE('',(#72),#58,.F.);
#2443=ADVANCED_FACE('',(#73),#2329,.F.);
#2444=ADVANCED_FACE('',(#74),#59,.F.);
#2445=ADVANCED_FACE('',(#75),#2330,.F.);
#2446=ADVANCED_FACE('',(#76),#60,.F.);
#2447=ADVANCED_FACE('',(#77,#15),#2331,.T.);
#2448=ADVANCED_FACE('',(#78),#2332,.F.);
#2449=ADVANCED_FACE('',(#79),#61,.F.);
#2450=ADVANCED_FACE('',(#80),#2333,.F.);
#2451=ADVANCED_FACE('',(#81),#62,.F.);
#2452=ADVANCED_FACE('',(#82),#2334,.F.);
#2453=ADVANCED_FACE('',(#83),#2335,.F.);
#2454=ADVANCED_FACE('',(#84),#2336,.F.);
#2455=ADVANCED_FACE('',(#85),#2337,.F.);
#2456=ADVANCED_FACE('',(#86),#2338,.F.);
#2457=ADVANCED_FACE('',(#87),#2339,.F.);
#2458=ADVANCED_FACE('',(#88),#2340,.F.);
#2459=ADVANCED_FACE('',(#89),#2341,.F.);
#2460=ADVANCED_FACE('',(#90),#2342,.F.);
#2461=ADVANCED_FACE('',(#91),#2343,.F.);
#2462=ADVANCED_FACE('',(#92),#2344,.F.);
#2463=ADVANCED_FACE('',(#93),#2345,.F.);
#2464=ADVANCED_FACE('',(#94),#2346,.F.);
#2465=ADVANCED_FACE('',(#95),#2347,.F.);
#2466=ADVANCED_FACE('',(#96),#2348,.F.);
#2467=ADVANCED_FACE('',(#97),#2349,.F.);
#2468=ADVANCED_FACE('',(#98),#2350,.F.);
#2469=ADVANCED_FACE('',(#99),#2351,.F.);
#2470=ADVANCED_FACE('',(#100),#2352,.F.);
#2471=ADVANCED_FACE('',(#101),#2353,.F.);
#2472=ADVANCED_FACE('',(#102),#2354,.F.);
#2473=ADVANCED_FACE('',(#103),#2355,.F.);
#2474=ADVANCED_FACE('',(#104),#2356,.F.);
#2475=ADVANCED_FACE('',(#105),#2357,.F.);
#2476=ADVANCED_FACE('',(#106),#2358,.F.);
#2477=ADVANCED_FACE('',(#107),#2359,.F.);
#2478=ADVANCED_FACE('',(#108),#2360,.F.);
#2479=ADVANCED_FACE('',(#109),#2361,.F.);
#2480=ADVANCED_FACE('',(#110),#2362,.F.);
#2481=ADVANCED_FACE('',(#111),#2363,.F.);
#2482=ADVANCED_FACE('',(#112),#2364,.F.);
#2483=ADVANCED_FACE('',(#113),#2365,.F.);
#2484=ADVANCED_FACE('',(#114),#2366,.F.);
#2485=ADVANCED_FACE('',(#115),#2367,.F.);
#2486=ADVANCED_FACE('',(#116),#2368,.F.);
#2487=ADVANCED_FACE('',(#117),#2369,.F.);
#2488=ADVANCED_FACE('',(#118),#2370,.F.);
#2489=ADVANCED_FACE('',(#119),#2371,.F.);
#2490=ADVANCED_FACE('',(#120),#2372,.F.);
#2491=ADVANCED_FACE('',(#121),#2373,.F.);
#2492=ADVANCED_FACE('',(#122),#2374,.F.);
#2493=ADVANCED_FACE('',(#123),#2375,.F.);
#2494=ADVANCED_FACE('',(#124),#2376,.F.);
#2495=ADVANCED_FACE('',(#125),#2377,.F.);
#2496=ADVANCED_FACE('',(#126),#2378,.F.);
#2497=ADVANCED_FACE('',(#127),#2379,.F.);
#2498=ADVANCED_FACE('',(#128),#2380,.F.);
#2499=ADVANCED_FACE('',(#129),#2381,.F.);
#2500=ADVANCED_FACE('',(#130),#2382,.F.);
#2501=ADVANCED_FACE('',(#131),#2383,.F.);
#2502=ADVANCED_FACE('',(#132),#2384,.F.);
#2503=ADVANCED_FACE('',(#133),#2385,.F.);
#2504=ADVANCED_FACE('',(#134),#2386,.F.);
#2505=ADVANCED_FACE('',(#135),#2387,.F.);
#2506=ADVANCED_FACE('',(#136),#2388,.F.);
#2507=ADVANCED_FACE('',(#137),#2389,.F.);
#2508=ADVANCED_FACE('',(#138),#2390,.F.);
#2509=ADVANCED_FACE('',(#139),#2391,.F.);
#2510=ADVANCED_FACE('',(#140),#2392,.F.);
#2511=ADVANCED_FACE('',(#141),#2393,.F.);
#2512=ADVANCED_FACE('',(#142),#2394,.F.);
#2513=ADVANCED_FACE('',(#143),#2395,.F.);
#2514=ADVANCED_FACE('',(#144),#2396,.F.);
#2515=ADVANCED_FACE('',(#145),#2397,.F.);
#2516=ADVANCED_FACE('',(#146),#2398,.F.);
#2517=ADVANCED_FACE('',(#147),#2399,.F.);
#2518=ADVANCED_FACE('',(#148),#2400,.F.);
#2519=ADVANCED_FACE('',(#149),#2401,.F.);
#2520=ADVANCED_FACE('',(#150),#2402,.F.);
#2521=ADVANCED_FACE('',(#151),#2403,.F.);
#2522=ADVANCED_FACE('',(#152),#2404,.F.);
#2523=ADVANCED_FACE('',(#153),#2405,.F.);
#2524=ADVANCED_FACE('',(#154),#2406,.F.);
#2525=ADVANCED_FACE('',(#155),#2407,.F.);
#2526=ADVANCED_FACE('',(#156),#2408,.F.);
#2527=ADVANCED_FACE('',(#157),#2409,.F.);
#2528=ADVANCED_FACE('',(#158),#2410,.F.);
#2529=ADVANCED_FACE('',(#159),#2411,.F.);
#2530=ADVANCED_FACE('',(#160),#2412,.F.);
#2531=ADVANCED_FACE('',(#161),#2413,.F.);
#2532=ADVANCED_FACE('',(#162),#2414,.F.);
#2533=ADVANCED_FACE('',(#163),#2415,.F.);
#2534=ADVANCED_FACE('',(#164),#2416,.F.);
#2535=ADVANCED_FACE('',(#165),#2417,.F.);
#2536=ADVANCED_FACE('',(#166),#2418,.F.);
#2537=ADVANCED_FACE('',(#167),#2419,.F.);
#2538=ADVANCED_FACE('',(#168),#2420,.F.);
#2539=ADVANCED_FACE('',(#169),#2421,.F.);
#2540=ADVANCED_FACE('',(#170),#2422,.F.);
#2541=ADVANCED_FACE('',(#171),#2423,.F.);
#2542=ADVANCED_FACE('',(#172),#2424,.F.);
#2543=ADVANCED_FACE('',(#173),#2425,.F.);
#2544=ADVANCED_FACE('',(#174),#2426,.F.);
#2545=ADVANCED_FACE('',(#175),#2427,.F.);
#2546=ADVANCED_FACE('',(#176),#2428,.F.);
#2547=ADVANCED_FACE('',(#177),#2429,.F.);
#2548=ADVANCED_FACE('',(#178),#2430,.F.);
#2549=ADVANCED_FACE('',(#179),#63,.F.);
#2550=ADVANCED_FACE('',(#180),#2431,.F.);
#2551=ADVANCED_FACE('',(#181),#64,.F.);
#2552=ADVANCED_FACE('',(#182,#16,#17,#18,#19,#20,#21,#22,#23),#2432,.F.);
#2553=ADVANCED_FACE('',(#183),#2433,.T.);
#2554=ADVANCED_FACE('',(#184),#65,.T.);
#2555=ADVANCED_FACE('',(#185),#2434,.T.);
#2556=ADVANCED_FACE('',(#186),#66,.T.);
#2557=ADVANCED_FACE('',(#187),#2435,.T.);
#2558=ADVANCED_FACE('',(#188),#67,.T.);
#2559=ADVANCED_FACE('',(#189),#2436,.T.);
#2560=ADVANCED_FACE('',(#190),#68,.T.);
#2561=ADVANCED_FACE('',(#191,#24,#25,#26,#27,#28,#29,#30,#31),#2437,.T.);
#2562=ADVANCED_FACE('',(#192,#32),#2438,.F.);
#2563=CLOSED_SHELL('',(#2439,#2440,#2441,#2442,#2443,#2444,#2445,#2446,
#2447,#2448,#2449,#2450,#2451,#2452,#2453,#2454,#2455,#2456,#2457,#2458,
#2459,#2460,#2461,#2462,#2463,#2464,#2465,#2466,#2467,#2468,#2469,#2470,
#2471,#2472,#2473,#2474,#2475,#2476,#2477,#2478,#2479,#2480,#2481,#2482,
#2483,#2484,#2485,#2486,#2487,#2488,#2489,#2490,#2491,#2492,#2493,#2494,
#2495,#2496,#2497,#2498,#2499,#2500,#2501,#2502,#2503,#2504,#2505,#2506,
#2507,#2508,#2509,#2510,#2511,#2512,#2513,#2514,#2515,#2516,#2517,#2518,
#2519,#2520,#2521,#2522,#2523,#2524,#2525,#2526,#2527,#2528,#2529,#2530,
#2531,#2532,#2533,#2534,#2535,#2536,#2537,#2538,#2539,#2540,#2541,#2542,
#2543,#2544,#2545,#2546,#2547,#2548,#2549,#2550,#2551,#2552,#2553,#2554,
#2555,#2556,#2557,#2558,#2559,#2560,#2561,#2562));
#2564=DERIVED_UNIT_ELEMENT(#2566,1.);
#2565=DERIVED_UNIT_ELEMENT(#4089,-3.);
#2566=(
MASS_UNIT()
NAMED_UNIT(*)
SI_UNIT(.KILO.,.GRAM.)
);
#2567=DERIVED_UNIT((#2564,#2565));
#2568=MEASURE_REPRESENTATION_ITEM('density measure',
POSITIVE_RATIO_MEASURE(7850.),#2567);
#2569=PROPERTY_DEFINITION_REPRESENTATION(#2574,#2571);
#2570=PROPERTY_DEFINITION_REPRESENTATION(#2575,#2572);
#2571=REPRESENTATION('material name',(#2573),#4086);
#2572=REPRESENTATION('density',(#2568),#4086);
#2573=DESCRIPTIVE_REPRESENTATION_ITEM('Steel','Steel');
#2574=PROPERTY_DEFINITION('material property','material name',#4096);
#2575=PROPERTY_DEFINITION('material property','density of part',#4096);
#2576=AXIS2_PLACEMENT_3D('',#3359,#2725,#2726);
#2577=AXIS2_PLACEMENT_3D('',#3360,#2727,#2728);
#2578=AXIS2_PLACEMENT_3D('',#3369,#2733,#2734);
#2579=AXIS2_PLACEMENT_3D('',#3371,#2735,#2736);
#2580=AXIS2_PLACEMENT_3D('',#3374,#2738,#2739);
#2581=AXIS2_PLACEMENT_3D('',#3375,#2740,#2741);
#2582=AXIS2_PLACEMENT_3D('',#3381,#2745,#2746);
#2583=AXIS2_PLACEMENT_3D('',#3383,#2747,#2748);
#2584=AXIS2_PLACEMENT_3D('',#3386,#2750,#2751);
#2585=AXIS2_PLACEMENT_3D('',#3387,#2752,#2753);
#2586=AXIS2_PLACEMENT_3D('',#3393,#2757,#2758);
#2587=AXIS2_PLACEMENT_3D('',#3395,#2759,#2760);
#2588=AXIS2_PLACEMENT_3D('',#3398,#2762,#2763);
#2589=AXIS2_PLACEMENT_3D('',#3399,#2764,#2765);
#2590=AXIS2_PLACEMENT_3D('',#3405,#2769,#2770);
#2591=AXIS2_PLACEMENT_3D('',#3406,#2771,#2772);
#2592=AXIS2_PLACEMENT_3D('',#3407,#2773,#2774);
#2593=AXIS2_PLACEMENT_3D('',#3408,#2775,#2776);
#2594=AXIS2_PLACEMENT_3D('',#3411,#2777,#2778);
#2595=AXIS2_PLACEMENT_3D('',#3415,#2780,#2781);
#2596=AXIS2_PLACEMENT_3D('',#3419,#2783,#2784);
#2597=AXIS2_PLACEMENT_3D('',#3423,#2786,#2787);
#2598=AXIS2_PLACEMENT_3D('',#3425,#2789,#2790);
#2599=AXIS2_PLACEMENT_3D('',#3431,#2794,#2795);
#2600=AXIS2_PLACEMENT_3D('',#3434,#2797,#2798);
#2601=AXIS2_PLACEMENT_3D('',#3435,#2799,#2800);
#2602=AXIS2_PLACEMENT_3D('',#3439,#2803,#2804);
#2603=AXIS2_PLACEMENT_3D('',#3442,#2806,#2807);
#2604=AXIS2_PLACEMENT_3D('',#3443,#2808,#2809);
#2605=AXIS2_PLACEMENT_3D('',#3452,#2814,#2815);
#2606=AXIS2_PLACEMENT_3D('',#3458,#2819,#2820);
#2607=AXIS2_PLACEMENT_3D('',#3464,#2824,#2825);
#2608=AXIS2_PLACEMENT_3D('',#3470,#2829,#2830);
#2609=AXIS2_PLACEMENT_3D('',#3476,#2834,#2835);
#2610=AXIS2_PLACEMENT_3D('',#3482,#2839,#2840);
#2611=AXIS2_PLACEMENT_3D('',#3488,#2844,#2845);
#2612=AXIS2_PLACEMENT_3D('',#3494,#2849,#2850);
#2613=AXIS2_PLACEMENT_3D('',#3500,#2854,#2855);
#2614=AXIS2_PLACEMENT_3D('',#3506,#2859,#2860);
#2615=AXIS2_PLACEMENT_3D('',#3512,#2864,#2865);
#2616=AXIS2_PLACEMENT_3D('',#3515,#2868,#2869);
#2617=AXIS2_PLACEMENT_3D('',#3524,#2874,#2875);
#2618=AXIS2_PLACEMENT_3D('',#3530,#2879,#2880);
#2619=AXIS2_PLACEMENT_3D('',#3536,#2884,#2885);
#2620=AXIS2_PLACEMENT_3D('',#3542,#2889,#2890);
#2621=AXIS2_PLACEMENT_3D('',#3548,#2894,#2895);
#2622=AXIS2_PLACEMENT_3D('',#3554,#2899,#2900);
#2623=AXIS2_PLACEMENT_3D('',#3560,#2904,#2905);
#2624=AXIS2_PLACEMENT_3D('',#3566,#2909,#2910);
#2625=AXIS2_PLACEMENT_3D('',#3572,#2914,#2915);
#2626=AXIS2_PLACEMENT_3D('',#3578,#2919,#2920);
#2627=AXIS2_PLACEMENT_3D('',#3584,#2924,#2925);
#2628=AXIS2_PLACEMENT_3D('',#3587,#2928,#2929);
#2629=AXIS2_PLACEMENT_3D('',#3596,#2934,#2935);
#2630=AXIS2_PLACEMENT_3D('',#3602,#2939,#2940);
#2631=AXIS2_PLACEMENT_3D('',#3608,#2944,#2945);
#2632=AXIS2_PLACEMENT_3D('',#3614,#2949,#2950);
#2633=AXIS2_PLACEMENT_3D('',#3620,#2954,#2955);
#2634=AXIS2_PLACEMENT_3D('',#3626,#2959,#2960);
#2635=AXIS2_PLACEMENT_3D('',#3632,#2964,#2965);
#2636=AXIS2_PLACEMENT_3D('',#3638,#2969,#2970);
#2637=AXIS2_PLACEMENT_3D('',#3644,#2974,#2975);
#2638=AXIS2_PLACEMENT_3D('',#3650,#2979,#2980);
#2639=AXIS2_PLACEMENT_3D('',#3656,#2984,#2985);
#2640=AXIS2_PLACEMENT_3D('',#3659,#2988,#2989);
#2641=AXIS2_PLACEMENT_3D('',#3668,#2994,#2995);
#2642=AXIS2_PLACEMENT_3D('',#3674,#2999,#3000);
#2643=AXIS2_PLACEMENT_3D('',#3680,#3004,#3005);
#2644=AXIS2_PLACEMENT_3D('',#3686,#3009,#3010);
#2645=AXIS2_PLACEMENT_3D('',#3692,#3014,#3015);
#2646=AXIS2_PLACEMENT_3D('',#3698,#3019,#3020);
#2647=AXIS2_PLACEMENT_3D('',#3704,#3024,#3025);
#2648=AXIS2_PLACEMENT_3D('',#3710,#3029,#3030);
#2649=AXIS2_PLACEMENT_3D('',#3716,#3034,#3035);
#2650=AXIS2_PLACEMENT_3D('',#3722,#3039,#3040);
#2651=AXIS2_PLACEMENT_3D('',#3728,#3044,#3045);
#2652=AXIS2_PLACEMENT_3D('',#3731,#3048,#3049);
#2653=AXIS2_PLACEMENT_3D('',#3740,#3054,#3055);
#2654=AXIS2_PLACEMENT_3D('',#3746,#3059,#3060);
#2655=AXIS2_PLACEMENT_3D('',#3752,#3064,#3065);
#2656=AXIS2_PLACEMENT_3D('',#3758,#3069,#3070);
#2657=AXIS2_PLACEMENT_3D('',#3764,#3074,#3075);
#2658=AXIS2_PLACEMENT_3D('',#3770,#3079,#3080);
#2659=AXIS2_PLACEMENT_3D('',#3776,#3084,#3085);
#2660=AXIS2_PLACEMENT_3D('',#3782,#3089,#3090);
#2661=AXIS2_PLACEMENT_3D('',#3788,#3094,#3095);
#2662=AXIS2_PLACEMENT_3D('',#3794,#3099,#3100);
#2663=AXIS2_PLACEMENT_3D('',#3800,#3104,#3105);
#2664=AXIS2_PLACEMENT_3D('',#3803,#3108,#3109);
#2665=AXIS2_PLACEMENT_3D('',#3812,#3114,#3115);
#2666=AXIS2_PLACEMENT_3D('',#3818,#3119,#3120);
#2667=AXIS2_PLACEMENT_3D('',#3824,#3124,#3125);
#2668=AXIS2_PLACEMENT_3D('',#3830,#3129,#3130);
#2669=AXIS2_PLACEMENT_3D('',#3836,#3134,#3135);
#2670=AXIS2_PLACEMENT_3D('',#3842,#3139,#3140);
#2671=AXIS2_PLACEMENT_3D('',#3848,#3144,#3145);
#2672=AXIS2_PLACEMENT_3D('',#3854,#3149,#3150);
#2673=AXIS2_PLACEMENT_3D('',#3860,#3154,#3155);
#2674=AXIS2_PLACEMENT_3D('',#3866,#3159,#3160);
#2675=AXIS2_PLACEMENT_3D('',#3872,#3164,#3165);
#2676=AXIS2_PLACEMENT_3D('',#3875,#3168,#3169);
#2677=AXIS2_PLACEMENT_3D('',#3884,#3174,#3175);
#2678=AXIS2_PLACEMENT_3D('',#3890,#3179,#3180);
#2679=AXIS2_PLACEMENT_3D('',#3896,#3184,#3185);
#2680=AXIS2_PLACEMENT_3D('',#3902,#3189,#3190);
#2681=AXIS2_PLACEMENT_3D('',#3908,#3194,#3195);
#2682=AXIS2_PLACEMENT_3D('',#3914,#3199,#3200);
#2683=AXIS2_PLACEMENT_3D('',#3920,#3204,#3205);
#2684=AXIS2_PLACEMENT_3D('',#3926,#3209,#3210);
#2685=AXIS2_PLACEMENT_3D('',#3932,#3214,#3215);
#2686=AXIS2_PLACEMENT_3D('',#3938,#3219,#3220);
#2687=AXIS2_PLACEMENT_3D('',#3944,#3224,#3225);
#2688=AXIS2_PLACEMENT_3D('',#3947,#3228,#3229);
#2689=AXIS2_PLACEMENT_3D('',#3956,#3234,#3235);
#2690=AXIS2_PLACEMENT_3D('',#3962,#3239,#3240);
#2691=AXIS2_PLACEMENT_3D('',#3968,#3244,#3245);
#2692=AXIS2_PLACEMENT_3D('',#3974,#3249,#3250);
#2693=AXIS2_PLACEMENT_3D('',#3980,#3254,#3255);
#2694=AXIS2_PLACEMENT_3D('',#3986,#3259,#3260);
#2695=AXIS2_PLACEMENT_3D('',#3992,#3264,#3265);
#2696=AXIS2_PLACEMENT_3D('',#3998,#3269,#3270);
#2697=AXIS2_PLACEMENT_3D('',#4004,#3274,#3275);
#2698=AXIS2_PLACEMENT_3D('',#4010,#3279,#3280);
#2699=AXIS2_PLACEMENT_3D('',#4016,#3284,#3285);
#2700=AXIS2_PLACEMENT_3D('',#4019,#3288,#3289);
#2701=AXIS2_PLACEMENT_3D('',#4023,#3292,#3293);
#2702=AXIS2_PLACEMENT_3D('',#4026,#3295,#3296);
#2703=AXIS2_PLACEMENT_3D('',#4027,#3297,#3298);
#2704=AXIS2_PLACEMENT_3D('',#4031,#3301,#3302);
#2705=AXIS2_PLACEMENT_3D('',#4032,#3303,#3304);
#2706=AXIS2_PLACEMENT_3D('',#4033,#3305,#3306);
#2707=AXIS2_PLACEMENT_3D('',#4034,#3307,#3308);
#2708=AXIS2_PLACEMENT_3D('',#4043,#3313,#3314);
#2709=AXIS2_PLACEMENT_3D('',#4045,#3315,#3316);
#2710=AXIS2_PLACEMENT_3D('',#4047,#3317,#3318);
#2711=AXIS2_PLACEMENT_3D('',#4049,#3320,#3321);
#2712=AXIS2_PLACEMENT_3D('',#4055,#3325,#3326);
#2713=AXIS2_PLACEMENT_3D('',#4057,#3327,#3328);
#2714=AXIS2_PLACEMENT_3D('',#4059,#3329,#3330);
#2715=AXIS2_PLACEMENT_3D('',#4061,#3332,#3333);
#2716=AXIS2_PLACEMENT_3D('',#4067,#3337,#3338);
#2717=AXIS2_PLACEMENT_3D('',#4069,#3339,#3340);
#2718=AXIS2_PLACEMENT_3D('',#4071,#3341,#3342);
#2719=AXIS2_PLACEMENT_3D('',#4073,#3344,#3345);
#2720=AXIS2_PLACEMENT_3D('',#4079,#3349,#3350);
#2721=AXIS2_PLACEMENT_3D('',#4080,#3351,#3352);
#2722=AXIS2_PLACEMENT_3D('',#4081,#3353,#3354);
#2723=AXIS2_PLACEMENT_3D('',#4082,#3355,#3356);
#2724=AXIS2_PLACEMENT_3D('',#4083,#3357,#3358);
#2725=DIRECTION('axis',(0.,0.,1.));
#2726=DIRECTION('refdir',(1.,0.,0.));
#2727=DIRECTION('center_axis',(-1.,0.,0.));
#2728=DIRECTION('ref_axis',(0.,-1.,0.));
#2729=DIRECTION('',(0.,-1.,0.));
#2730=DIRECTION('',(0.,0.,1.));
#2731=DIRECTION('',(0.,-1.,0.));
#2732=DIRECTION('',(0.,0.,1.));
#2733=DIRECTION('center_axis',(0.,0.,1.));
#2734=DIRECTION('ref_axis',(-1.,1.77635683940025E-15,0.));
#2735=DIRECTION('center_axis',(0.,0.,1.));
#2736=DIRECTION('ref_axis',(-1.,1.77635683940025E-15,0.));
#2737=DIRECTION('',(0.,0.,1.));
#2738=DIRECTION('center_axis',(0.,0.,1.));
#2739=DIRECTION('ref_axis',(-1.,1.77635683940025E-15,0.));
#2740=DIRECTION('center_axis',(0.,1.,0.));
#2741=DIRECTION('ref_axis',(-1.,0.,0.));
#2742=DIRECTION('',(-1.,0.,0.));
#2743=DIRECTION('',(0.,0.,1.));
#2744=DIRECTION('',(-1.,0.,0.));
#2745=DIRECTION('center_axis',(0.,0.,1.));
#2746=DIRECTION('ref_axis',(2.66453525910037E-15,1.,0.));
#2747=DIRECTION('center_axis',(0.,0.,1.));
#2748=DIRECTION('ref_axis',(2.66453525910037E-15,1.,0.));
#2749=DIRECTION('',(0.,0.,1.));
#2750=DIRECTION('center_axis',(0.,0.,1.));
#2751=DIRECTION('ref_axis',(2.66453525910037E-15,1.,0.));
#2752=DIRECTION('center_axis',(1.,1.58603289232165E-16,0.));
#2753=DIRECTION('ref_axis',(-1.58603289232165E-16,1.,0.));
#2754=DIRECTION('',(-1.58603289232165E-16,1.,0.));
#2755=DIRECTION('',(0.,0.,1.));
#2756=DIRECTION('',(-1.58603289232165E-16,1.,0.));
#2757=DIRECTION('center_axis',(0.,0.,1.));
#2758=DIRECTION('ref_axis',(1.,-1.33226762955019E-15,0.));
#2759=DIRECTION('center_axis',(0.,0.,1.));
#2760=DIRECTION('ref_axis',(1.,-1.33226762955019E-15,0.));
#2761=DIRECTION('',(0.,0.,1.));
#2762=DIRECTION('center_axis',(0.,0.,1.));
#2763=DIRECTION('ref_axis',(1.,-1.33226762955019E-15,0.));
#2764=DIRECTION('center_axis',(-1.13869028166683E-16,-1.,0.));
#2765=DIRECTION('ref_axis',(1.,-1.13869028166683E-16,0.));
#2766=DIRECTION('',(1.,-1.13869028166683E-16,0.));
#2767=DIRECTION('',(0.,0.,1.));
#2768=DIRECTION('',(1.,-1.13869028166683E-16,0.));
#2769=DIRECTION('center_axis',(0.,0.,1.));
#2770=DIRECTION('ref_axis',(1.77635683940026E-15,-1.,0.));
#2771=DIRECTION('center_axis',(0.,0.,1.));
#2772=DIRECTION('ref_axis',(1.77635683940026E-15,-1.,0.));
#2773=DIRECTION('center_axis',(0.,0.,1.));
#2774=DIRECTION('ref_axis',(1.77635683940026E-15,-1.,0.));
#2775=DIRECTION('center_axis',(0.,0.,-1.));
#2776=DIRECTION('ref_axis',(1.,0.,0.));
#2777=DIRECTION('center_axis',(0.,0.,-1.));
#2778=DIRECTION('ref_axis',(0.,-1.,0.));
#2779=DIRECTION('',(1.58603289232165E-16,-1.,0.));
#2780=DIRECTION('center_axis',(0.,0.,-1.));
#2781=DIRECTION('ref_axis',(1.,0.,0.));
#2782=DIRECTION('',(1.,0.,0.));
#2783=DIRECTION('center_axis',(0.,0.,-1.));
#2784=DIRECTION('ref_axis',(0.,1.,0.));
#2785=DIRECTION('',(-3.1720657846433E-16,1.,0.));
#2786=DIRECTION('center_axis',(0.,0.,-1.));
#2787=DIRECTION('ref_axis',(-1.,0.,0.));
#2788=DIRECTION('',(-1.,0.,0.));
#2789=DIRECTION('center_axis',(0.,1.,0.));
#2790=DIRECTION('ref_axis',(-1.,0.,0.));
#2791=DIRECTION('',(0.,0.,1.));
#2792=DIRECTION('',(1.,0.,0.));
#2793=DIRECTION('',(0.,0.,1.));
#2794=DIRECTION('center_axis',(0.,0.,1.));
#2795=DIRECTION('ref_axis',(1.,0.,0.));
#2796=DIRECTION('',(0.,0.,1.));
#2797=DIRECTION('center_axis',(0.,0.,-1.));
#2798=DIRECTION('ref_axis',(1.,0.,0.));
#2799=DIRECTION('center_axis',(1.,1.58603289232165E-16,0.));
#2800=DIRECTION('ref_axis',(-1.58603289232165E-16,1.,0.));
#2801=DIRECTION('',(0.,0.,1.));
#2802=DIRECTION('',(1.58603289232165E-16,-1.,0.));
#2803=DIRECTION('center_axis',(0.,0.,1.));
#2804=DIRECTION('ref_axis',(0.,-1.,0.));
#2805=DIRECTION('',(0.,0.,1.));
#2806=DIRECTION('center_axis',(0.,0.,-1.));
#2807=DIRECTION('ref_axis',(0.,-1.,0.));
#2808=DIRECTION('center_axis',(0.,-1.,0.));
#2809=DIRECTION('ref_axis',(-1.,0.,0.));
#2810=DIRECTION('',(1.,0.,0.));
#2811=DIRECTION('',(0.,0.,-1.));
#2812=DIRECTION('',(-1.,0.,0.));
#2813=DIRECTION('',(0.,0.,-1.));
#2814=DIRECTION('center_axis',(-1.,0.,0.));
#2815=DIRECTION('ref_axis',(0.,1.,0.));
#2816=DIRECTION('',(0.,-1.,0.));
#2817=DIRECTION('',(0.,1.,0.));
#2818=DIRECTION('',(0.,0.,-1.));
#2819=DIRECTION('center_axis',(0.,-1.,0.));
#2820=DIRECTION('ref_axis',(-1.,0.,0.));
#2821=DIRECTION('',(1.,0.,0.));
#2822=DIRECTION('',(-1.,0.,0.));
#2823=DIRECTION('',(0.,0.,-1.));
#2824=DIRECTION('center_axis',(1.,6.83214169000096E-16,0.));
#2825=DIRECTION('ref_axis',(6.83214169000096E-16,-1.,0.));
#2826=DIRECTION('',(-6.83214169000096E-16,1.,0.));
#2827=DIRECTION('',(6.83214169000096E-16,-1.,0.));
#2828=DIRECTION('',(0.,0.,-1.));
#2829=DIRECTION('center_axis',(0.,-1.,0.));
#2830=DIRECTION('ref_axis',(-1.,0.,0.));
#2831=DIRECTION('',(1.,0.,0.));
#2832=DIRECTION('',(-1.,0.,0.));
#2833=DIRECTION('',(0.,0.,-1.));
#2834=DIRECTION('center_axis',(1.,0.,0.));
#2835=DIRECTION('ref_axis',(0.,-1.,0.));
#2836=DIRECTION('',(0.,1.,0.));
#2837=DIRECTION('',(0.,-1.,0.));
#2838=DIRECTION('',(0.,0.,-1.));
#2839=DIRECTION('center_axis',(0.,1.,0.));
#2840=DIRECTION('ref_axis',(1.,0.,0.));
#2841=DIRECTION('',(-1.,0.,0.));
#2842=DIRECTION('',(1.,0.,0.));
#2843=DIRECTION('',(0.,0.,-1.));
#2844=DIRECTION('center_axis',(1.,0.,0.));
#2845=DIRECTION('ref_axis',(0.,-1.,0.));
#2846=DIRECTION('',(0.,1.,0.));
#2847=DIRECTION('',(0.,-1.,0.));
#2848=DIRECTION('',(0.,0.,-1.));
#2849=DIRECTION('center_axis',(-6.25477760352201E-16,1.,0.));
#2850=DIRECTION('ref_axis',(1.,6.25477760352201E-16,0.));
#2851=DIRECTION('',(-1.,-6.25477760352201E-16,0.));
#2852=DIRECTION('',(1.,6.25477760352201E-16,0.));
#2853=DIRECTION('',(0.,0.,-1.));
#2854=DIRECTION('center_axis',(-1.,1.70803542250024E-16,0.));
#2855=DIRECTION('ref_axis',(1.70803542250024E-16,1.,0.));
#2856=DIRECTION('',(-1.70803542250024E-16,-1.,0.));
#2857=DIRECTION('',(1.70803542250024E-16,1.,0.));
#2858=DIRECTION('',(0.,0.,-1.));
#2859=DIRECTION('center_axis',(0.,1.,0.));
#2860=DIRECTION('ref_axis',(1.,0.,0.));
#2861=DIRECTION('',(-1.,0.,0.));
#2862=DIRECTION('',(1.,0.,0.));
#2863=DIRECTION('',(0.,0.,-1.));
#2864=DIRECTION('center_axis',(-1.,-2.77555756156289E-15,0.));
#2865=DIRECTION('ref_axis',(-2.77555756156289E-15,1.,0.));
#2866=DIRECTION('',(2.77555756156289E-15,-1.,0.));
#2867=DIRECTION('',(-2.77555756156289E-15,1.,0.));
#2868=DIRECTION('center_axis',(1.,3.41607084500041E-14,0.));
#2869=DIRECTION('ref_axis',(3.41607084500041E-14,-1.,0.));
#2870=DIRECTION('',(-3.41607084500041E-14,1.,0.));
#2871=DIRECTION('',(0.,0.,-1.));
#2872=DIRECTION('',(3.41607084500041E-14,-1.,0.));
#2873=DIRECTION('',(0.,0.,-1.));
#2874=DIRECTION('center_axis',(0.,-1.,0.));
#2875=DIRECTION('ref_axis',(-1.,0.,0.));
#2876=DIRECTION('',(1.,0.,0.));
#2877=DIRECTION('',(-1.,0.,0.));
#2878=DIRECTION('',(0.,0.,-1.));
#2879=DIRECTION('center_axis',(1.,0.,0.));
#2880=DIRECTION('ref_axis',(0.,-1.,0.));
#2881=DIRECTION('',(0.,1.,0.));
#2882=DIRECTION('',(0.,-1.,0.));
#2883=DIRECTION('',(0.,0.,-1.));
#2884=DIRECTION('center_axis',(0.,1.,0.));
#2885=DIRECTION('ref_axis',(1.,0.,0.));
#2886=DIRECTION('',(-1.,0.,0.));
#2887=DIRECTION('',(1.,0.,0.));
#2888=DIRECTION('',(0.,0.,-1.));
#2889=DIRECTION('center_axis',(1.,-1.3664283380002E-14,0.));
#2890=DIRECTION('ref_axis',(-1.3664283380002E-14,-1.,0.));
#2891=DIRECTION('',(1.3664283380002E-14,1.,0.));
#2892=DIRECTION('',(-1.3664283380002E-14,-1.,0.));
#2893=DIRECTION('',(0.,0.,-1.));
#2894=DIRECTION('center_axis',(-1.25095552070439E-15,1.,0.));
#2895=DIRECTION('ref_axis',(1.,1.25095552070439E-15,0.));
#2896=DIRECTION('',(-1.,-1.25095552070439E-15,0.));
#2897=DIRECTION('',(1.,1.25095552070439E-15,0.));
#2898=DIRECTION('',(0.,0.,-1.));
#2899=DIRECTION('center_axis',(-1.,-1.3664283380002E-15,0.));
#2900=DIRECTION('ref_axis',(-1.3664283380002E-15,1.,0.));
#2901=DIRECTION('',(1.3664283380002E-15,-1.,0.));
#2902=DIRECTION('',(-1.3664283380002E-15,1.,0.));
#2903=DIRECTION('',(0.,0.,-1.));
#2904=DIRECTION('center_axis',(-2.75641578527643E-14,1.,0.));
#2905=DIRECTION('ref_axis',(1.,2.75641578527643E-14,0.));
#2906=DIRECTION('',(-1.,-2.75641578527643E-14,0.));
#2907=DIRECTION('',(1.,2.75641578527643E-14,0.));
#2908=DIRECTION('',(0.,0.,-1.));
#2909=DIRECTION('center_axis',(-1.,6.66133814775256E-13,0.));
#2910=DIRECTION('ref_axis',(6.66133814775256E-13,1.,0.));
#2911=DIRECTION('',(-6.66133814775256E-13,-1.,0.));
#2912=DIRECTION('',(6.66133814775256E-13,1.,0.));
#2913=DIRECTION('',(0.,0.,-1.));
#2914=DIRECTION('center_axis',(1.22507368234501E-14,-1.,0.));
#2915=DIRECTION('ref_axis',(-1.,-1.22507368234501E-14,0.));
#2916=DIRECTION('',(1.,1.22507368234501E-14,0.));
#2917=DIRECTION('',(-1.,-1.22507368234501E-14,0.));
#2918=DIRECTION('',(0.,0.,-1.));
#2919=DIRECTION('center_axis',(-1.,-1.09314267040015E-14,0.));
#2920=DIRECTION('ref_axis',(-1.09314267040015E-14,1.,0.));
#2921=DIRECTION('',(1.09314267040015E-14,-1.,0.));
#2922=DIRECTION('',(-1.09314267040015E-14,1.,0.));
#2923=DIRECTION('',(0.,0.,-1.));
#2924=DIRECTION('center_axis',(-2.31426771330302E-14,-1.,0.));
#2925=DIRECTION('ref_axis',(-1.,2.31426771330302E-14,0.));
#2926=DIRECTION('',(1.,-2.31426771330302E-14,0.));
#2927=DIRECTION('',(-1.,2.31426771330302E-14,0.));
#2928=DIRECTION('center_axis',(0.,-1.,0.));
#2929=DIRECTION('ref_axis',(-1.,0.,0.));
#2930=DIRECTION('',(1.,0.,0.));
#2931=DIRECTION('',(0.,0.,-1.));
#2932=DIRECTION('',(-1.,0.,0.));
#2933=DIRECTION('',(0.,0.,-1.));
#2934=DIRECTION('center_axis',(1.,0.,0.));
#2935=DIRECTION('ref_axis',(0.,-1.,0.));
#2936=DIRECTION('',(0.,1.,0.));
#2937=DIRECTION('',(0.,-1.,0.));
#2938=DIRECTION('',(0.,0.,-1.));
#2939=DIRECTION('center_axis',(0.,-1.,0.));
#2940=DIRECTION('ref_axis',(-1.,0.,0.));
#2941=DIRECTION('',(1.,0.,0.));
#2942=DIRECTION('',(-1.,0.,0.));
#2943=DIRECTION('',(0.,0.,-1.));
#2944=DIRECTION('center_axis',(1.,0.,0.));
#2945=DIRECTION('ref_axis',(0.,-1.,0.));
#2946=DIRECTION('',(0.,1.,0.));
#2947=DIRECTION('',(0.,-1.,0.));
#2948=DIRECTION('',(0.,0.,-1.));
#2949=DIRECTION('center_axis',(0.,1.,0.));
#2950=DIRECTION('ref_axis',(1.,0.,0.));
#2951=DIRECTION('',(-1.,0.,0.));
#2952=DIRECTION('',(1.,0.,0.));
#2953=DIRECTION('',(0.,0.,-1.));
#2954=DIRECTION('center_axis',(1.,-1.3664283380002E-15,0.));
#2955=DIRECTION('ref_axis',(-1.3664283380002E-15,-1.,0.));
#2956=DIRECTION('',(1.3664283380002E-15,1.,0.));
#2957=DIRECTION('',(-1.3664283380002E-15,-1.,0.));
#2958=DIRECTION('',(0.,0.,-1.));
#2959=DIRECTION('center_axis',(1.8764332810566E-15,1.,0.));
#2960=DIRECTION('ref_axis',(1.,-1.8764332810566E-15,0.));
#2961=DIRECTION('',(-1.,1.8764332810566E-15,0.));
#2962=DIRECTION('',(1.,-1.8764332810566E-15,0.));
#2963=DIRECTION('',(0.,0.,-1.));
#2964=DIRECTION('center_axis',(-1.,1.3664283380002E-15,0.));
#2965=DIRECTION('ref_axis',(1.3664283380002E-15,1.,0.));
#2966=DIRECTION('',(-1.3664283380002E-15,-1.,0.));
#2967=DIRECTION('',(1.3664283380002E-15,1.,0.));
#2968=DIRECTION('',(0.,0.,-1.));
#2969=DIRECTION('center_axis',(0.,1.,0.));
#2970=DIRECTION('ref_axis',(1.,0.,0.));
#2971=DIRECTION('',(-1.,0.,0.));
#2972=DIRECTION('',(1.,0.,0.));
#2973=DIRECTION('',(0.,0.,-1.));
#2974=DIRECTION('center_axis',(-1.,0.,0.));
#2975=DIRECTION('ref_axis',(0.,1.,0.));
#2976=DIRECTION('',(0.,-1.,0.));
#2977=DIRECTION('',(0.,1.,0.));
#2978=DIRECTION('',(0.,0.,-1.));
#2979=DIRECTION('center_axis',(0.,-1.,0.));
#2980=DIRECTION('ref_axis',(-1.,0.,0.));
#2981=DIRECTION('',(1.,0.,0.));
#2982=DIRECTION('',(-1.,0.,0.));
#2983=DIRECTION('',(0.,0.,-1.));
#2984=DIRECTION('center_axis',(-1.,0.,0.));
#2985=DIRECTION('ref_axis',(0.,1.,0.));
#2986=DIRECTION('',(0.,-1.,0.));
#2987=DIRECTION('',(0.,1.,0.));
#2988=DIRECTION('center_axis',(0.,-1.,0.));
#2989=DIRECTION('ref_axis',(-1.,0.,0.));
#2990=DIRECTION('',(1.,0.,0.));
#2991=DIRECTION('',(0.,0.,-1.));
#2992=DIRECTION('',(-1.,0.,0.));
#2993=DIRECTION('',(0.,0.,-1.));
#2994=DIRECTION('center_axis',(-1.,0.,0.));
#2995=DIRECTION('ref_axis',(0.,1.,0.));
#2996=DIRECTION('',(0.,-1.,0.));
#2997=DIRECTION('',(0.,1.,0.));
#2998=DIRECTION('',(0.,0.,-1.));
#2999=DIRECTION('center_axis',(0.,-1.,0.));
#3000=DIRECTION('ref_axis',(-1.,0.,0.));
#3001=DIRECTION('',(1.,0.,0.));
#3002=DIRECTION('',(-1.,0.,0.));
#3003=DIRECTION('',(0.,0.,-1.));
#3004=DIRECTION('center_axis',(1.,2.73285667600038E-15,0.));
#3005=DIRECTION('ref_axis',(2.73285667600038E-15,-1.,0.));
#3006=DIRECTION('',(-2.73285667600038E-15,1.,0.));
#3007=DIRECTION('',(2.73285667600038E-15,-1.,0.));
#3008=DIRECTION('',(0.,0.,-1.));
#3009=DIRECTION('center_axis',(0.,-1.,0.));
#3010=DIRECTION('ref_axis',(-1.,0.,0.));
#3011=DIRECTION('',(1.,0.,0.));
#3012=DIRECTION('',(-1.,0.,0.));
#3013=DIRECTION('',(0.,0.,-1.));
#3014=DIRECTION('center_axis',(1.,0.,0.));
#3015=DIRECTION('ref_axis',(0.,-1.,0.));
#3016=DIRECTION('',(0.,1.,0.));
#3017=DIRECTION('',(0.,-1.,0.));
#3018=DIRECTION('',(0.,0.,-1.));
#3019=DIRECTION('center_axis',(0.,1.,0.));
#3020=DIRECTION('ref_axis',(1.,0.,0.));
#3021=DIRECTION('',(-1.,0.,0.));
#3022=DIRECTION('',(1.,0.,0.));
#3023=DIRECTION('',(0.,0.,-1.));
#3024=DIRECTION('center_axis',(1.,0.,0.));
#3025=DIRECTION('ref_axis',(0.,-1.,0.));
#3026=DIRECTION('',(0.,1.,0.));
#3027=DIRECTION('',(0.,-1.,0.));
#3028=DIRECTION('',(0.,0.,-1.));
#3029=DIRECTION('center_axis',(-1.2509555207044E-15,1.,0.));
#3030=DIRECTION('ref_axis',(1.,1.2509555207044E-15,0.));
#3031=DIRECTION('',(-1.,-1.2509555207044E-15,0.));
#3032=DIRECTION('',(1.,1.2509555207044E-15,0.));
#3033=DIRECTION('',(0.,0.,-1.));
#3034=DIRECTION('center_axis',(-1.,0.,0.));
#3035=DIRECTION('ref_axis',(0.,1.,0.));
#3036=DIRECTION('',(0.,-1.,0.));
#3037=DIRECTION('',(0.,1.,0.));
#3038=DIRECTION('',(0.,0.,-1.));
#3039=DIRECTION('center_axis',(0.,1.,0.));
#3040=DIRECTION('ref_axis',(1.,0.,0.));
#3041=DIRECTION('',(-1.,0.,0.));
#3042=DIRECTION('',(1.,0.,0.));
#3043=DIRECTION('',(0.,0.,-1.));
#3044=DIRECTION('center_axis',(-1.,-1.11022302462516E-14,0.));
#3045=DIRECTION('ref_axis',(-1.11022302462516E-14,1.,0.));
#3046=DIRECTION('',(1.11022302462516E-14,-1.,0.));
#3047=DIRECTION('',(-1.11022302462516E-14,1.,0.));
#3048=DIRECTION('center_axis',(0.,1.,0.));
#3049=DIRECTION('ref_axis',(1.,0.,0.));
#3050=DIRECTION('',(-1.,0.,0.));
#3051=DIRECTION('',(0.,0.,-1.));
#3052=DIRECTION('',(1.,0.,0.));
#3053=DIRECTION('',(0.,0.,-1.));
#3054=DIRECTION('center_axis',(-1.,7.41073868937258E-13,0.));
#3055=DIRECTION('ref_axis',(7.41073868937258E-13,1.,0.));
#3056=DIRECTION('',(-7.41073868937258E-13,-1.,0.));
#3057=DIRECTION('',(7.41073868937258E-13,1.,0.));
#3058=DIRECTION('',(0.,0.,-1.));
#3059=DIRECTION('center_axis',(9.18805261758757E-15,-1.,0.));
#3060=DIRECTION('ref_axis',(-1.,-9.18805261758757E-15,0.));
#3061=DIRECTION('',(1.,9.18805261758757E-15,0.));
#3062=DIRECTION('',(-1.,-9.18805261758757E-15,0.));
#3063=DIRECTION('',(0.,0.,-1.));
#3064=DIRECTION('center_axis',(-1.,-1.98132109010028E-14,0.));
#3065=DIRECTION('ref_axis',(-1.98132109010028E-14,1.,0.));
#3066=DIRECTION('',(1.98132109010028E-14,-1.,0.));
#3067=DIRECTION('',(-1.98132109010028E-14,1.,0.));
#3068=DIRECTION('',(0.,0.,-1.));
#3069=DIRECTION('center_axis',(2.50191104140867E-15,-1.,0.));
#3070=DIRECTION('ref_axis',(-1.,-2.50191104140867E-15,0.));
#3071=DIRECTION('',(1.,2.50191104140867E-15,0.));
#3072=DIRECTION('',(-1.,-2.50191104140867E-15,0.));
#3073=DIRECTION('',(0.,0.,-1.));
#3074=DIRECTION('center_axis',(1.,3.79183863795049E-14,0.));
#3075=DIRECTION('ref_axis',(3.79183863795049E-14,-1.,0.));
#3076=DIRECTION('',(-3.79183863795049E-14,1.,0.));
#3077=DIRECTION('',(3.79183863795049E-14,-1.,0.));
#3078=DIRECTION('',(0.,0.,-1.));
#3079=DIRECTION('center_axis',(0.,-1.,0.));
#3080=DIRECTION('ref_axis',(-1.,0.,0.));
#3081=DIRECTION('',(1.,0.,0.));
#3082=DIRECTION('',(-1.,0.,0.));
#3083=DIRECTION('',(0.,0.,-1.));
#3084=DIRECTION('center_axis',(1.,5.55111512312578E-15,0.));
#3085=DIRECTION('ref_axis',(5.55111512312578E-15,-1.,0.));
#3086=DIRECTION('',(-5.55111512312578E-15,1.,0.));
#3087=DIRECTION('',(5.55111512312578E-15,-1.,0.));
#3088=DIRECTION('',(0.,0.,-1.));
#3089=DIRECTION('center_axis',(0.,1.,0.));
#3090=DIRECTION('ref_axis',(1.,0.,0.));
#3091=DIRECTION('',(-1.,0.,0.));
#3092=DIRECTION('',(1.,0.,0.));
#3093=DIRECTION('',(0.,0.,-1.));
#3094=DIRECTION('center_axis',(1.,4.09928501400063E-15,0.));
#3095=DIRECTION('ref_axis',(4.09928501400063E-15,-1.,0.));
#3096=DIRECTION('',(-4.09928501400063E-15,1.,0.));
#3097=DIRECTION('',(4.09928501400063E-15,-1.,0.));
#3098=DIRECTION('',(0.,0.,-1.));
#3099=DIRECTION('center_axis',(-6.2547776035219E-16,1.,0.));
#3100=DIRECTION('ref_axis',(1.,6.2547776035219E-16,0.));
#3101=DIRECTION('',(-1.,-6.2547776035219E-16,0.));
#3102=DIRECTION('',(1.,6.2547776035219E-16,0.));
#3103=DIRECTION('',(0.,0.,-1.));
#3104=DIRECTION('center_axis',(-1.,-4.9533027252507E-15,0.));
#3105=DIRECTION('ref_axis',(-4.9533027252507E-15,1.,0.));
#3106=DIRECTION('',(4.9533027252507E-15,-1.,0.));
#3107=DIRECTION('',(-4.9533027252507E-15,1.,0.));
#3108=DIRECTION('center_axis',(-1.87643328105658E-15,-1.,0.));
#3109=DIRECTION('ref_axis',(-1.,1.87643328105658E-15,0.));
#3110=DIRECTION('',(1.,-1.87643328105658E-15,0.));
#3111=DIRECTION('',(0.,0.,-1.));
#3112=DIRECTION('',(-1.,1.87643328105658E-15,0.));
#3113=DIRECTION('',(0.,0.,-1.));
#3114=DIRECTION('center_axis',(1.,6.83214169000094E-15,0.));
#3115=DIRECTION('ref_axis',(6.83214169000094E-15,-1.,0.));
#3116=DIRECTION('',(-6.83214169000094E-15,1.,0.));
#3117=DIRECTION('',(6.83214169000094E-15,-1.,0.));
#3118=DIRECTION('',(0.,0.,-1.));
#3119=DIRECTION('center_axis',(-6.12536841172491E-15,-1.,0.));
#3120=DIRECTION('ref_axis',(-1.,6.12536841172491E-15,0.));
#3121=DIRECTION('',(1.,-6.12536841172491E-15,0.));
#3122=DIRECTION('',(-1.,6.12536841172491E-15,0.));
#3123=DIRECTION('',(0.,0.,-1.));
#3124=DIRECTION('center_axis',(1.,-7.40148683083437E-15,0.));
#3125=DIRECTION('ref_axis',(-7.40148683083437E-15,-1.,0.));
#3126=DIRECTION('',(7.40148683083437E-15,1.,0.));
#3127=DIRECTION('',(-7.40148683083437E-15,-1.,0.));
#3128=DIRECTION('',(0.,0.,-1.));
#3129=DIRECTION('center_axis',(0.,1.,0.));
#3130=DIRECTION('ref_axis',(1.,0.,0.));
#3131=DIRECTION('',(-1.,0.,0.));
#3132=DIRECTION('',(1.,0.,0.));
#3133=DIRECTION('',(0.,0.,-1.));
#3134=DIRECTION('center_axis',(1.,-6.83214169000098E-15,0.));
#3135=DIRECTION('ref_axis',(-6.83214169000098E-15,-1.,0.));
#3136=DIRECTION('',(6.83214169000098E-15,1.,0.));
#3137=DIRECTION('',(-6.83214169000098E-15,-1.,0.));
#3138=DIRECTION('',(0.,0.,-1.));
#3139=DIRECTION('center_axis',(6.25477760352199E-16,1.,0.));
#3140=DIRECTION('ref_axis',(1.,-6.25477760352199E-16,0.));
#3141=DIRECTION('',(-1.,6.25477760352199E-16,0.));
#3142=DIRECTION('',(1.,-6.25477760352199E-16,0.));
#3143=DIRECTION('',(0.,0.,-1.));
#3144=DIRECTION('center_axis',(-1.,0.,0.));
#3145=DIRECTION('ref_axis',(0.,1.,0.));
#3146=DIRECTION('',(0.,-1.,0.));
#3147=DIRECTION('',(0.,1.,0.));
#3148=DIRECTION('',(0.,0.,-1.));
#3149=DIRECTION('center_axis',(0.,1.,0.));
#3150=DIRECTION('ref_axis',(1.,0.,0.));
#3151=DIRECTION('',(-1.,0.,0.));
#3152=DIRECTION('',(1.,0.,0.));
#3153=DIRECTION('',(0.,0.,-1.));
#3154=DIRECTION('center_axis',(-1.,1.33226762955021E-13,0.));
#3155=DIRECTION('ref_axis',(1.33226762955021E-13,1.,0.));
#3156=DIRECTION('',(-1.33226762955021E-13,-1.,0.));
#3157=DIRECTION('',(1.33226762955021E-13,1.,0.));
#3158=DIRECTION('',(0.,0.,-1.));
#3159=DIRECTION('center_axis',(3.06268420586251E-15,-1.,0.));
#3160=DIRECTION('ref_axis',(-1.,-3.06268420586251E-15,0.));
#3161=DIRECTION('',(1.,3.06268420586251E-15,0.));
#3162=DIRECTION('',(-1.,-3.06268420586251E-15,0.));
#3163=DIRECTION('',(0.,0.,-1.));
#3164=DIRECTION('center_axis',(-1.,-2.73285667600038E-15,0.));
#3165=DIRECTION('ref_axis',(-2.73285667600038E-15,1.,0.));
#3166=DIRECTION('',(2.73285667600038E-15,-1.,0.));
#3167=DIRECTION('',(-2.73285667600038E-15,1.,0.));
#3168=DIRECTION('center_axis',(-1.68447631322449E-12,-1.,0.));
#3169=DIRECTION('ref_axis',(-1.,1.68447631322449E-12,0.));
#3170=DIRECTION('',(1.,-1.68447631322449E-12,0.));
#3171=DIRECTION('',(0.,0.,-1.));
#3172=DIRECTION('',(-1.,1.68447631322449E-12,0.));
#3173=DIRECTION('',(0.,0.,-1.));
#3174=DIRECTION('center_axis',(-1.,1.68070685574024E-12,0.));
#3175=DIRECTION('ref_axis',(1.68070685574024E-12,1.,0.));
#3176=DIRECTION('',(-1.68070685574024E-12,-1.,0.));
#3177=DIRECTION('',(1.68070685574024E-12,1.,0.));
#3178=DIRECTION('',(0.,0.,-1.));
#3179=DIRECTION('center_axis',(-2.78462698910058E-12,-1.,0.));
#3180=DIRECTION('ref_axis',(-1.,2.78462698910058E-12,0.));
#3181=DIRECTION('',(1.,-2.78462698910058E-12,0.));
#3182=DIRECTION('',(-1.,2.78462698910058E-12,0.));
#3183=DIRECTION('',(0.,0.,-1.));
#3184=DIRECTION('center_axis',(1.,6.06010967903154E-13,0.));
#3185=DIRECTION('ref_axis',(6.06010967903154E-13,-1.,0.));
#3186=DIRECTION('',(-6.06010967903154E-13,1.,0.));
#3187=DIRECTION('',(6.06010967903154E-13,-1.,0.));
#3188=DIRECTION('',(0.,0.,-1.));
#3189=DIRECTION('center_axis',(1.34758105057949E-13,-1.,0.));
#3190=DIRECTION('ref_axis',(-1.,-1.34758105057949E-13,0.));
#3191=DIRECTION('',(1.,1.34758105057949E-13,0.));
#3192=DIRECTION('',(-1.,-1.34758105057949E-13,0.));
#3193=DIRECTION('',(0.,0.,-1.));
#3194=DIRECTION('center_axis',(1.,6.56881956236623E-14,0.));
#3195=DIRECTION('ref_axis',(6.56881956236623E-14,-1.,0.));
#3196=DIRECTION('',(-6.56881956236623E-14,1.,0.));
#3197=DIRECTION('',(6.56881956236623E-14,-1.,0.));
#3198=DIRECTION('',(0.,0.,-1.));
#3199=DIRECTION('center_axis',(-7.04417367348391E-14,1.,0.));
#3200=DIRECTION('ref_axis',(1.,7.04417367348391E-14,0.));
#3201=DIRECTION('',(-1.,-7.04417367348391E-14,0.));
#3202=DIRECTION('',(1.,7.04417367348391E-14,0.));
#3203=DIRECTION('',(0.,0.,-1.));
#3204=DIRECTION('center_axis',(1.,8.02776648575126E-14,0.));
#3205=DIRECTION('ref_axis',(8.02776648575126E-14,-1.,0.));
#3206=DIRECTION('',(-8.02776648575126E-14,1.,0.));
#3207=DIRECTION('',(8.02776648575126E-14,-1.,0.));
#3208=DIRECTION('',(0.,0.,-1.));
#3209=DIRECTION('center_axis',(-6.75515981180409E-14,1.,0.));
#3210=DIRECTION('ref_axis',(1.,6.75515981180409E-14,0.));
#3211=DIRECTION('',(-1.,-6.75515981180409E-14,0.));
#3212=DIRECTION('',(1.,6.75515981180409E-14,0.));
#3213=DIRECTION('',(0.,0.,-1.));
#3214=DIRECTION('center_axis',(-1.,-7.58367727590121E-14,0.));
#3215=DIRECTION('ref_axis',(-7.58367727590121E-14,1.,0.));
#3216=DIRECTION('',(7.58367727590121E-14,-1.,0.));
#3217=DIRECTION('',(-7.58367727590121E-14,1.,0.));
#3218=DIRECTION('',(0.,0.,-1.));
#3219=DIRECTION('center_axis',(5.60471209673473E-13,1.,0.));
#3220=DIRECTION('ref_axis',(1.,-5.60471209673473E-13,0.));
#3221=DIRECTION('',(-1.,5.60471209673473E-13,0.));
#3222=DIRECTION('',(1.,-5.60471209673473E-13,0.));
#3223=DIRECTION('',(0.,0.,-1.));
#3224=DIRECTION('center_axis',(-1.,-6.27313016370592E-11,0.));
#3225=DIRECTION('ref_axis',(-6.27313016370592E-11,1.,0.));
#3226=DIRECTION('',(6.27313016370592E-11,-1.,0.));
#3227=DIRECTION('',(-6.27313016370592E-11,1.,0.));
#3228=DIRECTION('center_axis',(-1.,0.,0.));
#3229=DIRECTION('ref_axis',(0.,1.,0.));
#3230=DIRECTION('',(0.,-1.,0.));
#3231=DIRECTION('',(0.,0.,-1.));
#3232=DIRECTION('',(0.,1.,0.));
#3233=DIRECTION('',(0.,0.,-1.));
#3234=DIRECTION('center_axis',(0.,1.,0.));
#3235=DIRECTION('ref_axis',(1.,0.,0.));
#3236=DIRECTION('',(-1.,0.,0.));
#3237=DIRECTION('',(1.,0.,0.));
#3238=DIRECTION('',(0.,0.,-1.));
#3239=DIRECTION('center_axis',(-1.,0.,0.));
#3240=DIRECTION('ref_axis',(0.,1.,0.));
#3241=DIRECTION('',(0.,-1.,0.));
#3242=DIRECTION('',(0.,1.,0.));
#3243=DIRECTION('',(0.,0.,-1.));
#3244=DIRECTION('center_axis',(0.,-1.,0.));
#3245=DIRECTION('ref_axis',(-1.,0.,0.));
#3246=DIRECTION('',(1.,0.,0.));
#3247=DIRECTION('',(-1.,0.,0.));
#3248=DIRECTION('',(0.,0.,-1.));
#3249=DIRECTION('center_axis',(-1.,0.,0.));
#3250=DIRECTION('ref_axis',(0.,1.,0.));
#3251=DIRECTION('',(0.,-1.,0.));
#3252=DIRECTION('',(0.,1.,0.));
#3253=DIRECTION('',(0.,0.,-1.));
#3254=DIRECTION('center_axis',(0.,-1.,0.));
#3255=DIRECTION('ref_axis',(-1.,0.,0.));
#3256=DIRECTION('',(1.,0.,0.));
#3257=DIRECTION('',(-1.,0.,0.));
#3258=DIRECTION('',(0.,0.,-1.));
#3259=DIRECTION('center_axis',(1.,0.,0.));
#3260=DIRECTION('ref_axis',(0.,-1.,0.));
#3261=DIRECTION('',(0.,1.,0.));
#3262=DIRECTION('',(0.,-1.,0.));
#3263=DIRECTION('',(0.,0.,-1.));
#3264=DIRECTION('center_axis',(0.,-1.,0.));
#3265=DIRECTION('ref_axis',(-1.,0.,0.));
#3266=DIRECTION('',(1.,0.,0.));
#3267=DIRECTION('',(-1.,0.,0.));
#3268=DIRECTION('',(0.,0.,-1.));
#3269=DIRECTION('center_axis',(1.,0.,0.));
#3270=DIRECTION('ref_axis',(0.,-1.,0.));
#3271=DIRECTION('',(0.,1.,0.));
#3272=DIRECTION('',(0.,-1.,0.));
#3273=DIRECTION('',(0.,0.,-1.));
#3274=DIRECTION('center_axis',(0.,1.,0.));
#3275=DIRECTION('ref_axis',(1.,0.,0.));
#3276=DIRECTION('',(-1.,0.,0.));
#3277=DIRECTION('',(1.,0.,0.));
#3278=DIRECTION('',(0.,0.,-1.));
#3279=DIRECTION('center_axis',(1.,0.,0.));
#3280=DIRECTION('ref_axis',(0.,-1.,0.));
#3281=DIRECTION('',(0.,1.,0.));
#3282=DIRECTION('',(0.,-1.,0.));
#3283=DIRECTION('',(0.,0.,-1.));
#3284=DIRECTION('center_axis',(-6.25477760352201E-16,1.,0.));
#3285=DIRECTION('ref_axis',(1.,6.25477760352201E-16,0.));
#3286=DIRECTION('',(-1.,-6.25477760352201E-16,0.));
#3287=DIRECTION('',(1.,6.25477760352201E-16,0.));
#3288=DIRECTION('center_axis',(0.,-1.,0.));
#3289=DIRECTION('ref_axis',(1.,0.,0.));
#3290=DIRECTION('',(0.,0.,1.));
#3291=DIRECTION('',(-1.,0.,0.));
#3292=DIRECTION('center_axis',(0.,0.,1.));
#3293=DIRECTION('ref_axis',(-1.,0.,0.));
#3294=DIRECTION('',(0.,0.,1.));
#3295=DIRECTION('center_axis',(0.,0.,-1.));
#3296=DIRECTION('ref_axis',(-1.,0.,0.));
#3297=DIRECTION('center_axis',(-1.,-3.1720657846433E-16,0.));
#3298=DIRECTION('ref_axis',(3.1720657846433E-16,-1.,0.));
#3299=DIRECTION('',(0.,0.,1.));
#3300=DIRECTION('',(-3.1720657846433E-16,1.,0.));
#3301=DIRECTION('center_axis',(0.,0.,1.));
#3302=DIRECTION('ref_axis',(0.,1.,0.));
#3303=DIRECTION('center_axis',(0.,0.,-1.));
#3304=DIRECTION('ref_axis',(0.,1.,0.));
#3305=DIRECTION('center_axis',(0.,0.,1.));
#3306=DIRECTION('ref_axis',(1.,0.,0.));
#3307=DIRECTION('center_axis',(0.,-1.,0.));
#3308=DIRECTION('ref_axis',(1.,0.,0.));
#3309=DIRECTION('',(-1.,0.,0.));
#3310=DIRECTION('',(0.,0.,1.));
#3311=DIRECTION('',(1.,0.,0.));
#3312=DIRECTION('',(0.,0.,1.));
#3313=DIRECTION('center_axis',(0.,0.,1.));
#3314=DIRECTION('ref_axis',(-1.,0.,0.));
#3315=DIRECTION('center_axis',(0.,0.,1.));
#3316=DIRECTION('ref_axis',(-1.,0.,0.));
#3317=DIRECTION('center_axis',(0.,0.,1.));
#3318=DIRECTION('ref_axis',(-1.,0.,0.));
#3319=DIRECTION('',(0.,0.,1.));
#3320=DIRECTION('center_axis',(-1.,-3.1720657846433E-16,0.));
#3321=DIRECTION('ref_axis',(3.1720657846433E-16,-1.,0.));
#3322=DIRECTION('',(-3.1720657846433E-16,1.,0.));
#3323=DIRECTION('',(3.1720657846433E-16,-1.,0.));
#3324=DIRECTION('',(0.,0.,1.));
#3325=DIRECTION('center_axis',(0.,0.,1.));
#3326=DIRECTION('ref_axis',(0.,1.,0.));
#3327=DIRECTION('center_axis',(0.,0.,1.));
#3328=DIRECTION('ref_axis',(0.,1.,0.));
#3329=DIRECTION('center_axis',(0.,0.,1.));
#3330=DIRECTION('ref_axis',(0.,1.,0.));
#3331=DIRECTION('',(0.,0.,1.));
#3332=DIRECTION('center_axis',(0.,1.,0.));
#3333=DIRECTION('ref_axis',(-1.,0.,0.));
#3334=DIRECTION('',(1.,0.,0.));
#3335=DIRECTION('',(-1.,0.,0.));
#3336=DIRECTION('',(0.,0.,1.));
#3337=DIRECTION('center_axis',(0.,0.,1.));
#3338=DIRECTION('ref_axis',(1.,0.,0.));
#3339=DIRECTION('center_axis',(0.,0.,1.));
#3340=DIRECTION('ref_axis',(1.,0.,0.));
#3341=DIRECTION('center_axis',(0.,0.,1.));
#3342=DIRECTION('ref_axis',(1.,0.,0.));
#3343=DIRECTION('',(0.,0.,1.));
#3344=DIRECTION('center_axis',(1.,1.58603289232165E-16,0.));
#3345=DIRECTION('ref_axis',(-1.58603289232165E-16,1.,0.));
#3346=DIRECTION('',(1.58603289232165E-16,-1.,0.));
#3347=DIRECTION('',(-1.58603289232165E-16,1.,0.));
#3348=DIRECTION('',(0.,0.,1.));
#3349=DIRECTION('center_axis',(0.,0.,1.));
#3350=DIRECTION('ref_axis',(0.,-1.,0.));
#3351=DIRECTION('center_axis',(0.,0.,1.));
#3352=DIRECTION('ref_axis',(0.,-1.,0.));
#3353=DIRECTION('center_axis',(0.,0.,1.));
#3354=DIRECTION('ref_axis',(0.,-1.,0.));
#3355=DIRECTION('center_axis',(0.,0.,1.));
#3356=DIRECTION('ref_axis',(1.,0.,0.));
#3357=DIRECTION('center_axis',(0.,0.,1.));
#3358=DIRECTION('ref_axis',(1.,0.,0.));
#3359=CARTESIAN_POINT('',(0.,0.,0.));
#3360=CARTESIAN_POINT('Origin',(-98.,88.,0.));
#3361=CARTESIAN_POINT('',(-98.,88.,0.));
#3362=CARTESIAN_POINT('',(-98.,32.,0.));
#3363=CARTESIAN_POINT('',(-98.,74.,0.));
#3364=CARTESIAN_POINT('',(-98.,88.,4.));
#3365=CARTESIAN_POINT('',(-98.,88.,0.));
#3366=CARTESIAN_POINT('',(-98.,32.,4.));
#3367=CARTESIAN_POINT('',(-98.,88.,4.));
#3368=CARTESIAN_POINT('',(-98.,32.,0.));
#3369=CARTESIAN_POINT('Origin',(-88.,88.,0.));
#3370=CARTESIAN_POINT('',(-88.,98.,0.));
#3371=CARTESIAN_POINT('Origin',(-88.,88.,0.));
#3372=CARTESIAN_POINT('',(-88.,98.,4.));
#3373=CARTESIAN_POINT('',(-88.,98.,0.));
#3374=CARTESIAN_POINT('Origin',(-88.,88.,4.));
#3375=CARTESIAN_POINT('Origin',(68.,98.,0.));
#3376=CARTESIAN_POINT('',(68.,98.,0.));
#3377=CARTESIAN_POINT('',(29.,98.,0.));
#3378=CARTESIAN_POINT('',(68.,98.,4.));
#3379=CARTESIAN_POINT('',(68.,98.,0.));
#3380=CARTESIAN_POINT('',(68.,98.,4.));
#3381=CARTESIAN_POINT('Origin',(68.,88.,0.));
#3382=CARTESIAN_POINT('',(78.,88.,0.));
#3383=CARTESIAN_POINT('Origin',(68.,88.,0.));
#3384=CARTESIAN_POINT('',(78.,88.,4.));
#3385=CARTESIAN_POINT('',(78.,88.,0.));
#3386=CARTESIAN_POINT('Origin',(68.,88.,4.));
#3387=CARTESIAN_POINT('Origin',(78.,32.,0.));
#3388=CARTESIAN_POINT('',(78.,32.,0.));
#3389=CARTESIAN_POINT('',(78.,46.,0.));
#3390=CARTESIAN_POINT('',(78.,32.,4.));
#3391=CARTESIAN_POINT('',(78.,32.,0.));
#3392=CARTESIAN_POINT('',(78.,32.,4.));
#3393=CARTESIAN_POINT('Origin',(68.,32.,0.));
#3394=CARTESIAN_POINT('',(68.,22.,0.));
#3395=CARTESIAN_POINT('Origin',(68.,32.,0.));
#3396=CARTESIAN_POINT('',(68.,22.,4.));
#3397=CARTESIAN_POINT('',(68.,22.,0.));
#3398=CARTESIAN_POINT('Origin',(68.,32.,4.));
#3399=CARTESIAN_POINT('Origin',(-88.,22.,0.));
#3400=CARTESIAN_POINT('',(-88.,22.,0.));
#3401=CARTESIAN_POINT('',(-49.,22.,0.));
#3402=CARTESIAN_POINT('',(-88.,22.,4.));
#3403=CARTESIAN_POINT('',(-88.,22.,0.));
#3404=CARTESIAN_POINT('',(-88.,22.,4.));
#3405=CARTESIAN_POINT('Origin',(-88.,32.,0.));
#3406=CARTESIAN_POINT('Origin',(-88.,32.,0.));
#3407=CARTESIAN_POINT('Origin',(-88.,32.,4.));
#3408=CARTESIAN_POINT('Origin',(-10.,60.,4.));
#3409=CARTESIAN_POINT('',(77.5,32.,4.));
#3410=CARTESIAN_POINT('',(68.,22.5,4.));
#3411=CARTESIAN_POINT('Origin',(68.,32.,4.));
#3412=CARTESIAN_POINT('',(77.5,88.,4.));
#3413=CARTESIAN_POINT('',(77.5,46.,4.));
#3414=CARTESIAN_POINT('',(68.,97.5,4.));
#3415=CARTESIAN_POINT('Origin',(68.,88.,4.));
#3416=CARTESIAN_POINT('',(-88.,97.5,4.));
#3417=CARTESIAN_POINT('',(29.,97.5,4.));
#3418=CARTESIAN_POINT('',(-97.5,88.,4.));
#3419=CARTESIAN_POINT('Origin',(-88.,88.,4.));
#3420=CARTESIAN_POINT('',(-97.5,32.,4.));
#3421=CARTESIAN_POINT('',(-97.5,74.,4.));
#3422=CARTESIAN_POINT('',(-88.,22.5,4.));
#3423=CARTESIAN_POINT('Origin',(-88.,32.,4.));
#3424=CARTESIAN_POINT('',(-49.,22.5,4.));
#3425=CARTESIAN_POINT('Origin',(68.,97.5,0.));
#3426=CARTESIAN_POINT('',(68.,97.5,17.5));
#3427=CARTESIAN_POINT('',(68.,97.5,0.));
#3428=CARTESIAN_POINT('',(-88.,97.5,17.5));
#3429=CARTESIAN_POINT('',(29.,97.5,17.5));
#3430=CARTESIAN_POINT('',(-88.,97.5,0.));
#3431=CARTESIAN_POINT('Origin',(68.,88.,0.));
#3432=CARTESIAN_POINT('',(77.5,88.,17.5));
#3433=CARTESIAN_POINT('',(77.5,88.,0.));
#3434=CARTESIAN_POINT('Origin',(68.,88.,17.5));
#3435=CARTESIAN_POINT('Origin',(77.5,32.,0.));
#3436=CARTESIAN_POINT('',(77.5,32.,17.5));
#3437=CARTESIAN_POINT('',(77.5,32.,0.));
#3438=CARTESIAN_POINT('',(77.5,46.,17.5));
#3439=CARTESIAN_POINT('Origin',(68.,32.,0.));
#3440=CARTESIAN_POINT('',(68.,22.5,17.5));
#3441=CARTESIAN_POINT('',(68.,22.5,0.));
#3442=CARTESIAN_POINT('Origin',(68.,32.,17.5));
#3443=CARTESIAN_POINT('Origin',(8.8,61.5,20.));
#3444=CARTESIAN_POINT('',(5.9,61.5,17.5));
#3445=CARTESIAN_POINT('',(8.8,61.5,17.5));
#3446=CARTESIAN_POINT('',(-0.600000000000009,61.5,17.5));
#3447=CARTESIAN_POINT('',(5.9,61.5,20.));
#3448=CARTESIAN_POINT('',(5.9,61.5,20.));
#3449=CARTESIAN_POINT('',(8.8,61.5,20.));
#3450=CARTESIAN_POINT('',(-0.600000000000009,61.5,20.));
#3451=CARTESIAN_POINT('',(8.8,61.5,20.));
#3452=CARTESIAN_POINT('Origin',(8.8,55.,20.));
#3453=CARTESIAN_POINT('',(8.8,55.,17.5));
#3454=CARTESIAN_POINT('',(8.8,57.5,17.5));
#3455=CARTESIAN_POINT('',(8.8,55.,20.));
#3456=CARTESIAN_POINT('',(8.8,57.5,20.));
#3457=CARTESIAN_POINT('',(8.8,55.,20.));
#3458=CARTESIAN_POINT('Origin',(23.,55.,20.));
#3459=CARTESIAN_POINT('',(23.,55.,17.5));
#3460=CARTESIAN_POINT('',(6.49999999999999,55.,17.5));
#3461=CARTESIAN_POINT('',(23.,55.,20.));
#3462=CARTESIAN_POINT('',(6.49999999999999,55.,20.));
#3463=CARTESIAN_POINT('',(23.,55.,20.));
#3464=CARTESIAN_POINT('Origin',(23.,61.5,20.));
#3465=CARTESIAN_POINT('',(23.,61.5,17.5));
#3466=CARTESIAN_POINT('',(23.,60.75,17.5));
#3467=CARTESIAN_POINT('',(23.,61.5,20.));
#3468=CARTESIAN_POINT('',(23.,60.75,20.));
#3469=CARTESIAN_POINT('',(23.,61.5,20.));
#3470=CARTESIAN_POINT('Origin',(25.9,61.5,20.));
#3471=CARTESIAN_POINT('',(25.9,61.5,17.5));
#3472=CARTESIAN_POINT('',(7.94999999999999,61.5,17.5));
#3473=CARTESIAN_POINT('',(25.9,61.5,20.));
#3474=CARTESIAN_POINT('',(7.94999999999999,61.5,20.));
#3475=CARTESIAN_POINT('',(25.9,61.5,20.));
#3476=CARTESIAN_POINT('Origin',(25.9,62.7,20.));
#3477=CARTESIAN_POINT('',(25.9,62.7,17.5));
#3478=CARTESIAN_POINT('',(25.9,61.35,17.5));
#3479=CARTESIAN_POINT('',(25.9,62.7,20.));
#3480=CARTESIAN_POINT('',(25.9,61.35,20.));
#3481=CARTESIAN_POINT('',(25.9,62.7,20.));
#3482=CARTESIAN_POINT('Origin',(23.,62.7,20.));
#3483=CARTESIAN_POINT('',(23.,62.7,17.5));
#3484=CARTESIAN_POINT('',(6.49999999999999,62.7,17.5));
#3485=CARTESIAN_POINT('',(23.,62.7,20.));
#3486=CARTESIAN_POINT('',(6.49999999999999,62.7,20.));
#3487=CARTESIAN_POINT('',(23.,62.7,20.));
#3488=CARTESIAN_POINT('Origin',(23.,69.2,20.));
#3489=CARTESIAN_POINT('',(23.,69.2,17.5));
#3490=CARTESIAN_POINT('',(23.,64.6,17.5));
#3491=CARTESIAN_POINT('',(23.,69.2,20.));
#3492=CARTESIAN_POINT('',(23.,64.6,20.));
#3493=CARTESIAN_POINT('',(23.,69.2,20.));
#3494=CARTESIAN_POINT('Origin',(8.8,69.2,20.));
#3495=CARTESIAN_POINT('',(8.8,69.2,17.5));
#3496=CARTESIAN_POINT('',(-0.60000000000001,69.2,17.5));
#3497=CARTESIAN_POINT('',(8.8,69.2,20.));
#3498=CARTESIAN_POINT('',(-0.60000000000001,69.2,20.));
#3499=CARTESIAN_POINT('',(8.8,69.2,20.));
#3500=CARTESIAN_POINT('Origin',(8.8,62.7,20.));
#3501=CARTESIAN_POINT('',(8.8,62.7,17.5));
#3502=CARTESIAN_POINT('',(8.8,61.35,17.5));
#3503=CARTESIAN_POINT('',(8.8,62.7,20.));
#3504=CARTESIAN_POINT('',(8.8,61.35,20.));
#3505=CARTESIAN_POINT('',(8.8,62.7,20.));
#3506=CARTESIAN_POINT('Origin',(5.9,62.7,20.));
#3507=CARTESIAN_POINT('',(5.9,62.7,17.5));
#3508=CARTESIAN_POINT('',(-2.05000000000001,62.7,17.5));
#3509=CARTESIAN_POINT('',(5.9,62.7,20.));
#3510=CARTESIAN_POINT('',(-2.05000000000001,62.7,20.));
#3511=CARTESIAN_POINT('',(5.9,62.7,20.));
#3512=CARTESIAN_POINT('Origin',(5.9,61.5,20.));
#3513=CARTESIAN_POINT('',(5.90000000000001,60.75,17.5));
#3514=CARTESIAN_POINT('',(5.90000000000001,60.75,20.));
#3515=CARTESIAN_POINT('Origin',(-49.8000000000002,74.5000000000001,20.));
#3516=CARTESIAN_POINT('',(-49.8,68.,17.5));
#3517=CARTESIAN_POINT('',(-49.8000000000002,74.5000000000001,17.5));
#3518=CARTESIAN_POINT('',(-49.8,67.2499999999994,17.5));
#3519=CARTESIAN_POINT('',(-49.8,68.,20.));
#3520=CARTESIAN_POINT('',(-49.8,68.,20.));
#3521=CARTESIAN_POINT('',(-49.8000000000002,74.5000000000001,20.));
#3522=CARTESIAN_POINT('',(-49.8,67.2499999999994,20.));
#3523=CARTESIAN_POINT('',(-49.8000000000002,74.5000000000001,20.));
#3524=CARTESIAN_POINT('Origin',(-46.9000000000002,74.5000000000001,20.));
#3525=CARTESIAN_POINT('',(-46.9000000000002,74.5000000000001,17.5));
#3526=CARTESIAN_POINT('',(-28.4500000000001,74.5000000000001,17.5));
#3527=CARTESIAN_POINT('',(-46.9000000000002,74.5000000000001,20.));
#3528=CARTESIAN_POINT('',(-28.4500000000001,74.5000000000001,20.));
#3529=CARTESIAN_POINT('',(-46.9000000000002,74.5000000000001,20.));
#3530=CARTESIAN_POINT('Origin',(-46.9000000000002,75.7000000000001,20.));
#3531=CARTESIAN_POINT('',(-46.9000000000002,75.7000000000001,17.5));
#3532=CARTESIAN_POINT('',(-46.9000000000002,67.8500000000001,17.5));
#3533=CARTESIAN_POINT('',(-46.9000000000002,75.7000000000001,20.));
#3534=CARTESIAN_POINT('',(-46.9000000000002,67.8500000000001,20.));
#3535=CARTESIAN_POINT('',(-46.9000000000002,75.7000000000001,20.));
#3536=CARTESIAN_POINT('Origin',(-49.8000000000002,75.7000000000001,20.));
#3537=CARTESIAN_POINT('',(-49.8000000000002,75.7000000000001,17.5));
#3538=CARTESIAN_POINT('',(-29.9000000000001,75.7000000000001,17.5));
#3539=CARTESIAN_POINT('',(-49.8000000000002,75.7000000000001,20.));
#3540=CARTESIAN_POINT('',(-29.9000000000001,75.7000000000001,20.));
#3541=CARTESIAN_POINT('',(-49.8000000000002,75.7000000000001,20.));
#3542=CARTESIAN_POINT('Origin',(-49.8000000000001,82.2000000000001,20.));
#3543=CARTESIAN_POINT('',(-49.8000000000001,82.2000000000001,17.5));
#3544=CARTESIAN_POINT('',(-49.8000000000003,71.1000000000003,17.5));
#3545=CARTESIAN_POINT('',(-49.8000000000001,82.2000000000001,20.));
#3546=CARTESIAN_POINT('',(-49.8000000000003,71.1000000000003,20.));
#3547=CARTESIAN_POINT('',(-49.8000000000001,82.2000000000001,20.));
#3548=CARTESIAN_POINT('Origin',(-64.0000000000002,82.2000000000001,20.));
#3549=CARTESIAN_POINT('',(-64.0000000000002,82.2000000000001,17.5));
#3550=CARTESIAN_POINT('',(-37.0000000000001,82.2000000000001,17.5));
#3551=CARTESIAN_POINT('',(-64.0000000000002,82.2000000000001,20.));
#3552=CARTESIAN_POINT('',(-37.0000000000001,82.2000000000001,20.));
#3553=CARTESIAN_POINT('',(-64.0000000000002,82.2000000000001,20.));
#3554=CARTESIAN_POINT('Origin',(-64.0000000000002,75.7000000000001,20.));
#3555=CARTESIAN_POINT('',(-64.0000000000002,75.7000000000001,17.5));
#3556=CARTESIAN_POINT('',(-64.0000000000002,67.85,17.5));
#3557=CARTESIAN_POINT('',(-64.0000000000002,75.7000000000001,20.));
#3558=CARTESIAN_POINT('',(-64.0000000000002,67.85,20.));
#3559=CARTESIAN_POINT('',(-64.0000000000002,75.7000000000001,20.));
#3560=CARTESIAN_POINT('Origin',(-66.9,75.7,20.));
#3561=CARTESIAN_POINT('',(-66.9,75.7,17.5));
#3562=CARTESIAN_POINT('',(-38.4500000000002,75.7000000000008,17.5));
#3563=CARTESIAN_POINT('',(-66.9,75.7,20.));
#3564=CARTESIAN_POINT('',(-38.4500000000002,75.7000000000008,20.));
#3565=CARTESIAN_POINT('',(-66.9,75.7,20.));
#3566=CARTESIAN_POINT('Origin',(-66.9000000000008,74.5000000000003,20.));
#3567=CARTESIAN_POINT('',(-66.9000000000008,74.5000000000003,17.5));
#3568=CARTESIAN_POINT('',(-66.9000000000056,67.2500000000191,17.5));
#3569=CARTESIAN_POINT('',(-66.9000000000008,74.5000000000003,20.));
#3570=CARTESIAN_POINT('',(-66.9000000000056,67.2500000000191,20.));
#3571=CARTESIAN_POINT('',(-66.9000000000008,74.5000000000003,20.));
#3572=CARTESIAN_POINT('Origin',(-64.0000000000008,74.5000000000003,20.));
#3573=CARTESIAN_POINT('',(-64.0000000000008,74.5000000000003,17.5));
#3574=CARTESIAN_POINT('',(-37.0000000000005,74.5000000000007,17.5));
#3575=CARTESIAN_POINT('',(-64.0000000000008,74.5000000000003,20.));
#3576=CARTESIAN_POINT('',(-37.0000000000005,74.5000000000007,20.));
#3577=CARTESIAN_POINT('',(-64.0000000000008,74.5000000000003,20.));
#3578=CARTESIAN_POINT('Origin',(-64.0000000000008,68.0000000000003,20.));
#3579=CARTESIAN_POINT('',(-64.0000000000008,68.0000000000003,17.5));
#3580=CARTESIAN_POINT('',(-64.0000000000007,63.9999999999999,17.5));
#3581=CARTESIAN_POINT('',(-64.0000000000008,68.0000000000003,20.));
#3582=CARTESIAN_POINT('',(-64.0000000000007,63.9999999999999,20.));
#3583=CARTESIAN_POINT('',(-64.0000000000008,68.0000000000003,20.));
#3584=CARTESIAN_POINT('Origin',(-49.8,68.,20.));
#3585=CARTESIAN_POINT('',(-29.8999999999999,67.9999999999995,17.5));
#3586=CARTESIAN_POINT('',(-29.8999999999999,67.9999999999995,20.));
#3587=CARTESIAN_POINT('Origin',(-25.,55.,20.));
#3588=CARTESIAN_POINT('',(-39.2,55.,17.5));
#3589=CARTESIAN_POINT('',(-25.,55.,17.5));
#3590=CARTESIAN_POINT('',(-17.5,55.,17.5));
#3591=CARTESIAN_POINT('',(-39.2,55.,20.));
#3592=CARTESIAN_POINT('',(-39.2,55.,20.));
#3593=CARTESIAN_POINT('',(-25.,55.,20.));
#3594=CARTESIAN_POINT('',(-17.5,55.,20.));
#3595=CARTESIAN_POINT('',(-25.,55.,20.));
#3596=CARTESIAN_POINT('Origin',(-25.,61.5,20.));
#3597=CARTESIAN_POINT('',(-25.,61.5,17.5));
#3598=CARTESIAN_POINT('',(-25.,60.75,17.5));
#3599=CARTESIAN_POINT('',(-25.,61.5,20.));
#3600=CARTESIAN_POINT('',(-25.,60.75,20.));
#3601=CARTESIAN_POINT('',(-25.,61.5,20.));
#3602=CARTESIAN_POINT('Origin',(-22.1,61.5,20.));
#3603=CARTESIAN_POINT('',(-22.1,61.5,17.5));
#3604=CARTESIAN_POINT('',(-16.05,61.5,17.5));
#3605=CARTESIAN_POINT('',(-22.1,61.5,20.));
#3606=CARTESIAN_POINT('',(-16.05,61.5,20.));
#3607=CARTESIAN_POINT('',(-22.1,61.5,20.));
#3608=CARTESIAN_POINT('Origin',(-22.1,62.7,20.));
#3609=CARTESIAN_POINT('',(-22.1,62.7,17.5));
#3610=CARTESIAN_POINT('',(-22.1,61.35,17.5));
#3611=CARTESIAN_POINT('',(-22.1,62.7,20.));
#3612=CARTESIAN_POINT('',(-22.1,61.35,20.));
#3613=CARTESIAN_POINT('',(-22.1,62.7,20.));
#3614=CARTESIAN_POINT('Origin',(-25.,62.7,20.));
#3615=CARTESIAN_POINT('',(-25.,62.7,17.5));
#3616=CARTESIAN_POINT('',(-17.5,62.7,17.5));
#3617=CARTESIAN_POINT('',(-25.,62.7,20.));
#3618=CARTESIAN_POINT('',(-17.5,62.7,20.));
#3619=CARTESIAN_POINT('',(-25.,62.7,20.));
#3620=CARTESIAN_POINT('Origin',(-25.,69.2,20.));
#3621=CARTESIAN_POINT('',(-25.,69.2,17.5));
#3622=CARTESIAN_POINT('',(-25.,64.6,17.5));
#3623=CARTESIAN_POINT('',(-25.,69.2,20.));
#3624=CARTESIAN_POINT('',(-25.,64.6,20.));
#3625=CARTESIAN_POINT('',(-25.,69.2,20.));
#3626=CARTESIAN_POINT('Origin',(-39.2,69.2,20.));
#3627=CARTESIAN_POINT('',(-39.2,69.2,17.5));
#3628=CARTESIAN_POINT('',(-24.6,69.2,17.5));
#3629=CARTESIAN_POINT('',(-39.2,69.2,20.));
#3630=CARTESIAN_POINT('',(-24.6,69.2,20.));
#3631=CARTESIAN_POINT('',(-39.2,69.2,20.));
#3632=CARTESIAN_POINT('Origin',(-39.2,62.7,20.));
#3633=CARTESIAN_POINT('',(-39.2,62.7,17.5));
#3634=CARTESIAN_POINT('',(-39.2,61.35,17.5));
#3635=CARTESIAN_POINT('',(-39.2,62.7,20.));
#3636=CARTESIAN_POINT('',(-39.2,61.35,20.));
#3637=CARTESIAN_POINT('',(-39.2,62.7,20.));
#3638=CARTESIAN_POINT('Origin',(-42.1,62.7,20.));
#3639=CARTESIAN_POINT('',(-42.1,62.7,17.5));
#3640=CARTESIAN_POINT('',(-26.05,62.7,17.5));
#3641=CARTESIAN_POINT('',(-42.1,62.7,20.));
#3642=CARTESIAN_POINT('',(-26.05,62.7,20.));
#3643=CARTESIAN_POINT('',(-42.1,62.7,20.));
#3644=CARTESIAN_POINT('Origin',(-42.1,61.5,20.));
#3645=CARTESIAN_POINT('',(-42.1,61.5,17.5));
#3646=CARTESIAN_POINT('',(-42.1,60.75,17.5));
#3647=CARTESIAN_POINT('',(-42.1,61.5,20.));
#3648=CARTESIAN_POINT('',(-42.1,60.75,20.));
#3649=CARTESIAN_POINT('',(-42.1,61.5,20.));
#3650=CARTESIAN_POINT('Origin',(-39.2,61.5,20.));
#3651=CARTESIAN_POINT('',(-39.2,61.5,17.5));
#3652=CARTESIAN_POINT('',(-24.6,61.5,17.5));
#3653=CARTESIAN_POINT('',(-39.2,61.5,20.));
#3654=CARTESIAN_POINT('',(-24.6,61.5,20.));
#3655=CARTESIAN_POINT('',(-39.2,61.5,20.));
#3656=CARTESIAN_POINT('Origin',(-39.2,55.,20.));
#3657=CARTESIAN_POINT('',(-39.2,57.5,17.5));
#3658=CARTESIAN_POINT('',(-39.2,57.5,20.));
#3659=CARTESIAN_POINT('Origin',(29.8,74.5,20.));
#3660=CARTESIAN_POINT('',(26.9,74.5,17.5));
#3661=CARTESIAN_POINT('',(29.8,74.5,17.5));
#3662=CARTESIAN_POINT('',(9.89999999999999,74.5,17.5));
#3663=CARTESIAN_POINT('',(26.9,74.5,20.));
#3664=CARTESIAN_POINT('',(26.9,74.5,20.));
#3665=CARTESIAN_POINT('',(29.8,74.5,20.));
#3666=CARTESIAN_POINT('',(9.89999999999999,74.5,20.));
#3667=CARTESIAN_POINT('',(29.8,74.5,20.));
#3668=CARTESIAN_POINT('Origin',(29.8,68.,20.));
#3669=CARTESIAN_POINT('',(29.8,68.,17.5));
#3670=CARTESIAN_POINT('',(29.8,64.,17.5));
#3671=CARTESIAN_POINT('',(29.8,68.,20.));
#3672=CARTESIAN_POINT('',(29.8,64.,20.));
#3673=CARTESIAN_POINT('',(29.8,68.,20.));
#3674=CARTESIAN_POINT('Origin',(44.,68.,20.));
#3675=CARTESIAN_POINT('',(44.,68.,17.5));
#3676=CARTESIAN_POINT('',(17.,68.,17.5));
#3677=CARTESIAN_POINT('',(44.,68.,20.));
#3678=CARTESIAN_POINT('',(17.,68.,20.));
#3679=CARTESIAN_POINT('',(44.,68.,20.));
#3680=CARTESIAN_POINT('Origin',(44.,74.5,20.));
#3681=CARTESIAN_POINT('',(44.,74.5,17.5));
#3682=CARTESIAN_POINT('',(44.,67.2500000000001,17.5));
#3683=CARTESIAN_POINT('',(44.,74.5,20.));
#3684=CARTESIAN_POINT('',(44.,67.2500000000001,20.));
#3685=CARTESIAN_POINT('',(44.,74.5,20.));
#3686=CARTESIAN_POINT('Origin',(46.9,74.5,20.));
#3687=CARTESIAN_POINT('',(46.9,74.5,17.5));
#3688=CARTESIAN_POINT('',(18.45,74.5,17.5));
#3689=CARTESIAN_POINT('',(46.9,74.5,20.));
#3690=CARTESIAN_POINT('',(18.45,74.5,20.));
#3691=CARTESIAN_POINT('',(46.9,74.5,20.));
#3692=CARTESIAN_POINT('Origin',(46.9,75.7,20.));
#3693=CARTESIAN_POINT('',(46.9,75.7,17.5));
#3694=CARTESIAN_POINT('',(46.9,67.85,17.5));
#3695=CARTESIAN_POINT('',(46.9,75.7,20.));
#3696=CARTESIAN_POINT('',(46.9,67.85,20.));
#3697=CARTESIAN_POINT('',(46.9,75.7,20.));
#3698=CARTESIAN_POINT('Origin',(44.,75.7,20.));
#3699=CARTESIAN_POINT('',(44.,75.7,17.5));
#3700=CARTESIAN_POINT('',(17.,75.7,17.5));
#3701=CARTESIAN_POINT('',(44.,75.7,20.));
#3702=CARTESIAN_POINT('',(17.,75.7,20.));
#3703=CARTESIAN_POINT('',(44.,75.7,20.));
#3704=CARTESIAN_POINT('Origin',(44.,82.2,20.));
#3705=CARTESIAN_POINT('',(44.,82.2,17.5));
#3706=CARTESIAN_POINT('',(44.,71.1,17.5));
#3707=CARTESIAN_POINT('',(44.,82.2,20.));
#3708=CARTESIAN_POINT('',(44.,71.1,20.));
#3709=CARTESIAN_POINT('',(44.,82.2,20.));
#3710=CARTESIAN_POINT('Origin',(29.8,82.2,20.));
#3711=CARTESIAN_POINT('',(29.8,82.2,17.5));
#3712=CARTESIAN_POINT('',(9.89999999999998,82.2,17.5));
#3713=CARTESIAN_POINT('',(29.8,82.2,20.));
#3714=CARTESIAN_POINT('',(9.89999999999998,82.2,20.));
#3715=CARTESIAN_POINT('',(29.8,82.2,20.));
#3716=CARTESIAN_POINT('Origin',(29.8,75.7,20.));
#3717=CARTESIAN_POINT('',(29.8,75.7,17.5));
#3718=CARTESIAN_POINT('',(29.8,67.85,17.5));
#3719=CARTESIAN_POINT('',(29.8,75.7,20.));
#3720=CARTESIAN_POINT('',(29.8,67.85,20.));
#3721=CARTESIAN_POINT('',(29.8,75.7,20.));
#3722=CARTESIAN_POINT('Origin',(26.9,75.7,20.));
#3723=CARTESIAN_POINT('',(26.9,75.7,17.5));
#3724=CARTESIAN_POINT('',(8.44999999999999,75.7,17.5));
#3725=CARTESIAN_POINT('',(26.9,75.7,20.));
#3726=CARTESIAN_POINT('',(8.44999999999999,75.7,20.));
#3727=CARTESIAN_POINT('',(26.9,75.7,20.));
#3728=CARTESIAN_POINT('Origin',(26.9,74.5,20.));
#3729=CARTESIAN_POINT('',(26.9000000000001,67.2500000000002,17.5));
#3730=CARTESIAN_POINT('',(26.9000000000001,67.2500000000002,20.));
#3731=CARTESIAN_POINT('Origin',(-7.1,42.7,20.));
#3732=CARTESIAN_POINT('',(-4.2000000000002,42.7,17.5));
#3733=CARTESIAN_POINT('',(-7.1,42.7,17.5));
#3734=CARTESIAN_POINT('',(-8.55000000000001,42.7,17.5));
#3735=CARTESIAN_POINT('',(-4.2000000000002,42.7,20.));
#3736=CARTESIAN_POINT('',(-4.2000000000002,42.7,20.));
#3737=CARTESIAN_POINT('',(-7.1,42.7,20.));
#3738=CARTESIAN_POINT('',(-8.55000000000001,42.7,20.));
#3739=CARTESIAN_POINT('',(-7.1,42.7,20.));
#3740=CARTESIAN_POINT('Origin',(-7.10000000000089,41.5,20.));
#3741=CARTESIAN_POINT('',(-7.10000000000089,41.5,17.5));
#3742=CARTESIAN_POINT('',(-7.09999999999403,50.7499999999989,17.5));
#3743=CARTESIAN_POINT('',(-7.10000000000089,41.5,20.));
#3744=CARTESIAN_POINT('',(-7.09999999999403,50.7499999999989,20.));
#3745=CARTESIAN_POINT('',(-7.10000000000089,41.5,20.));
#3746=CARTESIAN_POINT('Origin',(-4.20000000000091,41.5,20.));
#3747=CARTESIAN_POINT('',(-4.20000000000091,41.5,17.5));
#3748=CARTESIAN_POINT('',(-7.10000000000038,41.5,17.5));
#3749=CARTESIAN_POINT('',(-4.20000000000091,41.5,20.));
#3750=CARTESIAN_POINT('',(-7.10000000000038,41.5,20.));
#3751=CARTESIAN_POINT('',(-4.20000000000091,41.5,20.));
#3752=CARTESIAN_POINT('Origin',(-4.20000000000078,35.,20.));
#3753=CARTESIAN_POINT('',(-4.20000000000078,35.,17.5));
#3754=CARTESIAN_POINT('',(-4.20000000000103,47.5,17.5));
#3755=CARTESIAN_POINT('',(-4.20000000000078,35.,20.));
#3756=CARTESIAN_POINT('',(-4.20000000000103,47.5,20.));
#3757=CARTESIAN_POINT('',(-4.20000000000078,35.,20.));
#3758=CARTESIAN_POINT('Origin',(10.,35.,20.));
#3759=CARTESIAN_POINT('',(10.,35.,17.5));
#3760=CARTESIAN_POINT('',(2.23921038206071E-14,35.,17.5));
#3761=CARTESIAN_POINT('',(10.,35.,20.));
#3762=CARTESIAN_POINT('',(2.23921038206071E-14,35.,20.));
#3763=CARTESIAN_POINT('',(10.,35.,20.));
#3764=CARTESIAN_POINT('Origin',(9.99999999999975,41.5000000000001,20.));
#3765=CARTESIAN_POINT('',(9.99999999999975,41.5000000000001,17.5));
#3766=CARTESIAN_POINT('',(9.9999999999994,50.7500000000004,17.5));
#3767=CARTESIAN_POINT('',(9.99999999999975,41.5000000000001,20.));
#3768=CARTESIAN_POINT('',(9.9999999999994,50.7500000000004,20.));
#3769=CARTESIAN_POINT('',(9.99999999999975,41.5000000000001,20.));
#3770=CARTESIAN_POINT('Origin',(12.8999999999998,41.5000000000001,20.));
#3771=CARTESIAN_POINT('',(12.8999999999998,41.5000000000001,17.5));
#3772=CARTESIAN_POINT('',(1.44999999999989,41.5000000000001,17.5));
#3773=CARTESIAN_POINT('',(12.8999999999998,41.5000000000001,20.));
#3774=CARTESIAN_POINT('',(1.44999999999989,41.5000000000001,20.));
#3775=CARTESIAN_POINT('',(12.8999999999998,41.5000000000001,20.));
#3776=CARTESIAN_POINT('Origin',(12.8999999999998,42.7000000000001,20.));
#3777=CARTESIAN_POINT('',(12.8999999999998,42.7000000000001,17.5));
#3778=CARTESIAN_POINT('',(12.8999999999997,51.3500000000001,17.5));
#3779=CARTESIAN_POINT('',(12.8999999999998,42.7000000000001,20.));
#3780=CARTESIAN_POINT('',(12.8999999999997,51.3500000000001,20.));
#3781=CARTESIAN_POINT('',(12.8999999999998,42.7000000000001,20.));
#3782=CARTESIAN_POINT('Origin',(10.,42.7000000000001,20.));
#3783=CARTESIAN_POINT('',(10.,42.7000000000001,17.5));
#3784=CARTESIAN_POINT('',(6.66133814775094E-15,42.7000000000001,17.5));
#3785=CARTESIAN_POINT('',(10.,42.7000000000001,20.));
#3786=CARTESIAN_POINT('',(6.66133814775094E-15,42.7000000000001,20.));
#3787=CARTESIAN_POINT('',(10.,42.7000000000001,20.));
#3788=CARTESIAN_POINT('Origin',(10.,49.2,20.));
#3789=CARTESIAN_POINT('',(10.,49.2,17.5));
#3790=CARTESIAN_POINT('',(9.99999999999998,54.6000000000001,17.5));
#3791=CARTESIAN_POINT('',(10.,49.2,20.));
#3792=CARTESIAN_POINT('',(9.99999999999998,54.6000000000001,20.));
#3793=CARTESIAN_POINT('',(10.,49.2,20.));
#3794=CARTESIAN_POINT('Origin',(-4.20000000000024,49.2,20.));
#3795=CARTESIAN_POINT('',(-4.20000000000024,49.2,17.5));
#3796=CARTESIAN_POINT('',(-7.10000000000012,49.2,17.5));
#3797=CARTESIAN_POINT('',(-4.20000000000024,49.2,20.));
#3798=CARTESIAN_POINT('',(-7.10000000000012,49.2,20.));
#3799=CARTESIAN_POINT('',(-4.20000000000024,49.2,20.));
#3800=CARTESIAN_POINT('Origin',(-4.2000000000002,42.7,20.));
#3801=CARTESIAN_POINT('',(-4.20000000000025,51.35,17.5));
#3802=CARTESIAN_POINT('',(-4.20000000000025,51.35,20.));
#3803=CARTESIAN_POINT('Origin',(-70.8,55.,20.));
#3804=CARTESIAN_POINT('',(-85.0000000000002,55.,17.5));
#3805=CARTESIAN_POINT('',(-70.8,55.,17.5));
#3806=CARTESIAN_POINT('',(-40.4,54.9999999999999,17.5));
#3807=CARTESIAN_POINT('',(-85.0000000000002,55.,20.));
#3808=CARTESIAN_POINT('',(-85.0000000000002,55.,20.));
#3809=CARTESIAN_POINT('',(-70.8,55.,20.));
#3810=CARTESIAN_POINT('',(-40.4,54.9999999999999,20.));
#3811=CARTESIAN_POINT('',(-70.8,55.,20.));
#3812=CARTESIAN_POINT('Origin',(-70.8000000000001,61.5,20.));
#3813=CARTESIAN_POINT('',(-70.8000000000001,61.5,17.5));
#3814=CARTESIAN_POINT('',(-70.8000000000001,60.7499999999998,17.5));
#3815=CARTESIAN_POINT('',(-70.8000000000001,61.5,20.));
#3816=CARTESIAN_POINT('',(-70.8000000000001,60.7499999999998,20.));
#3817=CARTESIAN_POINT('',(-70.8000000000001,61.5,20.));
#3818=CARTESIAN_POINT('Origin',(-67.9,61.5,20.));
#3819=CARTESIAN_POINT('',(-67.9,61.5,17.5));
#3820=CARTESIAN_POINT('',(-38.95,61.4999999999998,17.5));
#3821=CARTESIAN_POINT('',(-67.9,61.5,20.));
#3822=CARTESIAN_POINT('',(-38.95,61.4999999999998,20.));
#3823=CARTESIAN_POINT('',(-67.9,61.5,20.));
#3824=CARTESIAN_POINT('Origin',(-67.9,62.7,20.));
#3825=CARTESIAN_POINT('',(-67.9,62.7,17.5));
#3826=CARTESIAN_POINT('',(-67.9,61.3500000000002,17.5));
#3827=CARTESIAN_POINT('',(-67.9,62.7,20.));
#3828=CARTESIAN_POINT('',(-67.9,61.3500000000002,20.));
#3829=CARTESIAN_POINT('',(-67.9,62.7,20.));
#3830=CARTESIAN_POINT('Origin',(-70.8,62.7,20.));
#3831=CARTESIAN_POINT('',(-70.8,62.7,17.5));
#3832=CARTESIAN_POINT('',(-40.4,62.7,17.5));
#3833=CARTESIAN_POINT('',(-70.8,62.7,20.));
#3834=CARTESIAN_POINT('',(-40.4,62.7,20.));
#3835=CARTESIAN_POINT('',(-70.8,62.7,20.));
#3836=CARTESIAN_POINT('Origin',(-70.8,69.2,20.));
#3837=CARTESIAN_POINT('',(-70.8,69.2,17.5));
#3838=CARTESIAN_POINT('',(-70.8,64.6000000000002,17.5));
#3839=CARTESIAN_POINT('',(-70.8,69.2,20.));
#3840=CARTESIAN_POINT('',(-70.8,64.6000000000002,20.));
#3841=CARTESIAN_POINT('',(-70.8,69.2,20.));
#3842=CARTESIAN_POINT('Origin',(-85.,69.2,20.));
#3843=CARTESIAN_POINT('',(-85.,69.2,17.5));
#3844=CARTESIAN_POINT('',(-47.5,69.2,17.5));
#3845=CARTESIAN_POINT('',(-85.,69.2,20.));
#3846=CARTESIAN_POINT('',(-47.5,69.2,20.));
#3847=CARTESIAN_POINT('',(-85.,69.2,20.));
#3848=CARTESIAN_POINT('Origin',(-85.,62.7,20.));
#3849=CARTESIAN_POINT('',(-85.,62.7,17.5));
#3850=CARTESIAN_POINT('',(-85.,61.35,17.5));
#3851=CARTESIAN_POINT('',(-85.,62.7,20.));
#3852=CARTESIAN_POINT('',(-85.,61.35,20.));
#3853=CARTESIAN_POINT('',(-85.,62.7,20.));
#3854=CARTESIAN_POINT('Origin',(-87.9,62.7,20.));
#3855=CARTESIAN_POINT('',(-87.9,62.7,17.5));
#3856=CARTESIAN_POINT('',(-48.95,62.7,17.5));
#3857=CARTESIAN_POINT('',(-87.9,62.7,20.));
#3858=CARTESIAN_POINT('',(-48.95,62.7,20.));
#3859=CARTESIAN_POINT('',(-87.9,62.7,20.));
#3860=CARTESIAN_POINT('Origin',(-87.9000000000002,61.5,20.));
#3861=CARTESIAN_POINT('',(-87.9000000000002,61.5,17.5));
#3862=CARTESIAN_POINT('',(-87.9000000000003,60.7500000000052,17.5));
#3863=CARTESIAN_POINT('',(-87.9000000000002,61.5,20.));
#3864=CARTESIAN_POINT('',(-87.9000000000003,60.7500000000052,20.));
#3865=CARTESIAN_POINT('',(-87.9000000000002,61.5,20.));
#3866=CARTESIAN_POINT('Origin',(-85.0000000000002,61.5,20.));
#3867=CARTESIAN_POINT('',(-85.0000000000002,61.5,17.5));
#3868=CARTESIAN_POINT('',(-47.5000000000001,61.5000000000001,17.5));
#3869=CARTESIAN_POINT('',(-85.0000000000002,61.5,20.));
#3870=CARTESIAN_POINT('',(-47.5000000000001,61.5000000000001,20.));
#3871=CARTESIAN_POINT('',(-85.0000000000002,61.5,20.));
#3872=CARTESIAN_POINT('Origin',(-85.0000000000002,55.,20.));
#3873=CARTESIAN_POINT('',(-85.0000000000002,57.4999999999999,17.5));
#3874=CARTESIAN_POINT('',(-85.0000000000002,57.4999999999999,20.));
#3875=CARTESIAN_POINT('Origin',(-26.1999999999249,41.5000000000395,20.));
#3876=CARTESIAN_POINT('',(-29.0999999999247,41.5000000000444,17.5));
#3877=CARTESIAN_POINT('',(-26.1999999999249,41.5000000000395,17.5));
#3878=CARTESIAN_POINT('',(-18.099999999978,41.5000000000259,17.5));
#3879=CARTESIAN_POINT('',(-29.0999999999247,41.5000000000444,20.));
#3880=CARTESIAN_POINT('',(-29.0999999999247,41.5000000000444,20.));
#3881=CARTESIAN_POINT('',(-26.1999999999249,41.5000000000395,20.));
#3882=CARTESIAN_POINT('',(-18.099999999978,41.5000000000259,20.));
#3883=CARTESIAN_POINT('',(-26.1999999999249,41.5000000000395,20.));
#3884=CARTESIAN_POINT('Origin',(-26.1999999999358,35.0000000000395,20.));
#3885=CARTESIAN_POINT('',(-26.1999999999358,35.0000000000395,17.5));
#3886=CARTESIAN_POINT('',(-26.1999999999148,47.5000000000334,17.5));
#3887=CARTESIAN_POINT('',(-26.1999999999358,35.0000000000395,20.));
#3888=CARTESIAN_POINT('',(-26.1999999999148,47.5000000000334,20.));
#3889=CARTESIAN_POINT('',(-26.1999999999358,35.0000000000395,20.));
#3890=CARTESIAN_POINT('Origin',(-12.,35.,20.));
#3891=CARTESIAN_POINT('',(-12.,35.,17.5));
#3892=CARTESIAN_POINT('',(-11.0000000000348,34.9999999999972,17.5));
#3893=CARTESIAN_POINT('',(-12.,35.,20.));
#3894=CARTESIAN_POINT('',(-11.0000000000348,34.9999999999972,20.));
#3895=CARTESIAN_POINT('',(-12.,35.,20.));
#3896=CARTESIAN_POINT('Origin',(-12.0000000000039,41.4999999999993,20.));
#3897=CARTESIAN_POINT('',(-12.0000000000039,41.4999999999993,17.5));
#3898=CARTESIAN_POINT('',(-12.0000000000095,50.749999999999,17.5));
#3899=CARTESIAN_POINT('',(-12.0000000000039,41.4999999999993,20.));
#3900=CARTESIAN_POINT('',(-12.0000000000095,50.749999999999,20.));
#3901=CARTESIAN_POINT('',(-12.0000000000039,41.4999999999993,20.));
#3902=CARTESIAN_POINT('Origin',(-9.10000000000392,41.4999999999997,20.));
#3903=CARTESIAN_POINT('',(-9.10000000000392,41.4999999999997,17.5));
#3904=CARTESIAN_POINT('',(-9.55000000000072,41.4999999999996,17.5));
#3905=CARTESIAN_POINT('',(-9.10000000000392,41.4999999999997,20.));
#3906=CARTESIAN_POINT('',(-9.55000000000072,41.4999999999996,20.));
#3907=CARTESIAN_POINT('',(-9.10000000000392,41.4999999999997,20.));
#3908=CARTESIAN_POINT('Origin',(-9.100000000004,42.6999999999995,20.));
#3909=CARTESIAN_POINT('',(-9.100000000004,42.6999999999995,17.5));
#3910=CARTESIAN_POINT('',(-9.10000000000456,51.3499999999998,17.5));
#3911=CARTESIAN_POINT('',(-9.100000000004,42.6999999999995,20.));
#3912=CARTESIAN_POINT('',(-9.10000000000456,51.3499999999998,20.));
#3913=CARTESIAN_POINT('',(-9.100000000004,42.6999999999995,20.));
#3914=CARTESIAN_POINT('Origin',(-12.0000000000039,42.6999999999993,20.));
#3915=CARTESIAN_POINT('',(-12.0000000000039,42.6999999999993,17.5));
#3916=CARTESIAN_POINT('',(-11.0000000000014,42.6999999999994,17.5));
#3917=CARTESIAN_POINT('',(-12.0000000000039,42.6999999999993,20.));
#3918=CARTESIAN_POINT('',(-11.0000000000014,42.6999999999994,20.));
#3919=CARTESIAN_POINT('',(-12.0000000000039,42.6999999999993,20.));
#3920=CARTESIAN_POINT('Origin',(-12.0000000000045,49.1999999999992,20.));
#3921=CARTESIAN_POINT('',(-12.0000000000045,49.1999999999992,17.5));
#3922=CARTESIAN_POINT('',(-12.0000000000049,54.5999999999995,17.5));
#3923=CARTESIAN_POINT('',(-12.0000000000045,49.1999999999992,20.));
#3924=CARTESIAN_POINT('',(-12.0000000000049,54.5999999999995,20.));
#3925=CARTESIAN_POINT('',(-12.0000000000045,49.1999999999992,20.));
#3926=CARTESIAN_POINT('Origin',(-26.2000000000038,49.1999999999983,20.));
#3927=CARTESIAN_POINT('',(-26.2000000000038,49.1999999999983,17.5));
#3928=CARTESIAN_POINT('',(-18.1000000000015,49.1999999999988,17.5));
#3929=CARTESIAN_POINT('',(-26.2000000000038,49.1999999999983,20.));
#3930=CARTESIAN_POINT('',(-18.1000000000015,49.1999999999988,20.));
#3931=CARTESIAN_POINT('',(-26.2000000000038,49.1999999999983,20.));
#3932=CARTESIAN_POINT('Origin',(-26.2000000000033,42.6999999999984,20.));
#3933=CARTESIAN_POINT('',(-26.2000000000033,42.6999999999984,17.5));
#3934=CARTESIAN_POINT('',(-26.2000000000039,51.3499999999986,17.5));
#3935=CARTESIAN_POINT('',(-26.2000000000033,42.6999999999984,20.));
#3936=CARTESIAN_POINT('',(-26.2000000000039,51.3499999999986,20.));
#3937=CARTESIAN_POINT('',(-26.2000000000033,42.6999999999984,20.));
#3938=CARTESIAN_POINT('Origin',(-29.1,42.7,20.));
#3939=CARTESIAN_POINT('',(-29.1,42.7,17.5));
#3940=CARTESIAN_POINT('',(-19.5500000000049,42.6999999999946,17.5));
#3941=CARTESIAN_POINT('',(-29.1,42.7,20.));
#3942=CARTESIAN_POINT('',(-19.5500000000049,42.6999999999946,20.));
#3943=CARTESIAN_POINT('',(-29.1,42.7,20.));
#3944=CARTESIAN_POINT('Origin',(-29.0999999999247,41.5000000000444,20.));
#3945=CARTESIAN_POINT('',(-29.100000000505,50.7499999994231,17.5));
#3946=CARTESIAN_POINT('',(-29.100000000505,50.7499999994231,20.));
#3947=CARTESIAN_POINT('Origin',(50.8,62.7,20.));
#3948=CARTESIAN_POINT('',(50.8,69.2,17.5));
#3949=CARTESIAN_POINT('',(50.8,62.7,17.5));
#3950=CARTESIAN_POINT('',(50.8,61.35,17.5));
#3951=CARTESIAN_POINT('',(50.8,69.2,20.));
#3952=CARTESIAN_POINT('',(50.8,69.2,20.));
#3953=CARTESIAN_POINT('',(50.8,62.7,20.));
#3954=CARTESIAN_POINT('',(50.8,61.35,20.));
#3955=CARTESIAN_POINT('',(50.8,62.7,20.));
#3956=CARTESIAN_POINT('Origin',(47.9,62.7,20.));
#3957=CARTESIAN_POINT('',(47.9,62.7,17.5));
#3958=CARTESIAN_POINT('',(18.95,62.7,17.5));
#3959=CARTESIAN_POINT('',(47.9,62.7,20.));
#3960=CARTESIAN_POINT('',(18.95,62.7,20.));
#3961=CARTESIAN_POINT('',(47.9,62.7,20.));
#3962=CARTESIAN_POINT('Origin',(47.9,61.5,20.));
#3963=CARTESIAN_POINT('',(47.9,61.5,17.5));
#3964=CARTESIAN_POINT('',(47.9,60.75,17.5));
#3965=CARTESIAN_POINT('',(47.9,61.5,20.));
#3966=CARTESIAN_POINT('',(47.9,60.75,20.));
#3967=CARTESIAN_POINT('',(47.9,61.5,20.));
#3968=CARTESIAN_POINT('Origin',(50.8,61.5,20.));
#3969=CARTESIAN_POINT('',(50.8,61.5,17.5));
#3970=CARTESIAN_POINT('',(20.4,61.5,17.5));
#3971=CARTESIAN_POINT('',(50.8,61.5,20.));
#3972=CARTESIAN_POINT('',(20.4,61.5,20.));
#3973=CARTESIAN_POINT('',(50.8,61.5,20.));
#3974=CARTESIAN_POINT('Origin',(50.8,55.,20.));
#3975=CARTESIAN_POINT('',(50.8,55.,17.5));
#3976=CARTESIAN_POINT('',(50.8,57.5,17.5));
#3977=CARTESIAN_POINT('',(50.8,55.,20.));
#3978=CARTESIAN_POINT('',(50.8,57.5,20.));
#3979=CARTESIAN_POINT('',(50.8,55.,20.));
#3980=CARTESIAN_POINT('Origin',(65.,55.,20.));
#3981=CARTESIAN_POINT('',(65.,55.,17.5));
#3982=CARTESIAN_POINT('',(27.5,55.,17.5));
#3983=CARTESIAN_POINT('',(65.,55.,20.));
#3984=CARTESIAN_POINT('',(27.5,55.,20.));
#3985=CARTESIAN_POINT('',(65.,55.,20.));
#3986=CARTESIAN_POINT('Origin',(65.,61.5,20.));
#3987=CARTESIAN_POINT('',(65.,61.5,17.5));
#3988=CARTESIAN_POINT('',(65.,60.75,17.5));
#3989=CARTESIAN_POINT('',(65.,61.5,20.));
#3990=CARTESIAN_POINT('',(65.,60.75,20.));
#3991=CARTESIAN_POINT('',(65.,61.5,20.));
#3992=CARTESIAN_POINT('Origin',(67.9,61.5,20.));
#3993=CARTESIAN_POINT('',(67.9,61.5,17.5));
#3994=CARTESIAN_POINT('',(28.95,61.5,17.5));
#3995=CARTESIAN_POINT('',(67.9,61.5,20.));
#3996=CARTESIAN_POINT('',(28.95,61.5,20.));
#3997=CARTESIAN_POINT('',(67.9,61.5,20.));
#3998=CARTESIAN_POINT('Origin',(67.9,62.7,20.));
#3999=CARTESIAN_POINT('',(67.9,62.7,17.5));
#4000=CARTESIAN_POINT('',(67.9,61.35,17.5));
#4001=CARTESIAN_POINT('',(67.9,62.7,20.));
#4002=CARTESIAN_POINT('',(67.9,61.35,20.));
#4003=CARTESIAN_POINT('',(67.9,62.7,20.));
#4004=CARTESIAN_POINT('Origin',(65.,62.7,20.));
#4005=CARTESIAN_POINT('',(65.,62.7,17.5));
#4006=CARTESIAN_POINT('',(27.5,62.7,17.5));
#4007=CARTESIAN_POINT('',(65.,62.7,20.));
#4008=CARTESIAN_POINT('',(27.5,62.7,20.));
#4009=CARTESIAN_POINT('',(65.,62.7,20.));
#4010=CARTESIAN_POINT('Origin',(65.,69.2,20.));
#4011=CARTESIAN_POINT('',(65.,69.2,17.5));
#4012=CARTESIAN_POINT('',(65.,64.6,17.5));
#4013=CARTESIAN_POINT('',(65.,69.2,20.));
#4014=CARTESIAN_POINT('',(65.,64.6,20.));
#4015=CARTESIAN_POINT('',(65.,69.2,20.));
#4016=CARTESIAN_POINT('Origin',(50.8,69.2,20.));
#4017=CARTESIAN_POINT('',(20.4,69.2,17.5));
#4018=CARTESIAN_POINT('',(20.4,69.2,20.));
#4019=CARTESIAN_POINT('Origin',(-88.,22.5,0.));
#4020=CARTESIAN_POINT('',(-88.,22.5,17.5));
#4021=CARTESIAN_POINT('',(-88.,22.5,0.));
#4022=CARTESIAN_POINT('',(-49.,22.5,17.5));
#4023=CARTESIAN_POINT('Origin',(-88.,32.,0.));
#4024=CARTESIAN_POINT('',(-97.5,32.,17.5));
#4025=CARTESIAN_POINT('',(-97.5,32.,0.));
#4026=CARTESIAN_POINT('Origin',(-88.,32.,17.5));
#4027=CARTESIAN_POINT('Origin',(-97.5,88.,0.));
#4028=CARTESIAN_POINT('',(-97.5,88.,17.5));
#4029=CARTESIAN_POINT('',(-97.5,88.,0.));
#4030=CARTESIAN_POINT('',(-97.5,74.,17.5));
#4031=CARTESIAN_POINT('Origin',(-88.,88.,0.));
#4032=CARTESIAN_POINT('Origin',(-88.,88.,17.5));
#4033=CARTESIAN_POINT('Origin',(-10.,60.,17.5));
#4034=CARTESIAN_POINT('Origin',(-88.,20.,0.));
#4035=CARTESIAN_POINT('',(68.,20.,0.));
#4036=CARTESIAN_POINT('',(-88.,20.,0.));
#4037=CARTESIAN_POINT('',(68.,20.,0.));
#4038=CARTESIAN_POINT('',(68.,20.,20.));
#4039=CARTESIAN_POINT('',(68.,20.,0.));
#4040=CARTESIAN_POINT('',(-88.,20.,20.));
#4041=CARTESIAN_POINT('',(68.,20.,20.));
#4042=CARTESIAN_POINT('',(-88.,20.,0.));
#4043=CARTESIAN_POINT('Origin',(-88.,32.,0.));
#4044=CARTESIAN_POINT('',(-100.,32.,0.));
#4045=CARTESIAN_POINT('Origin',(-88.,32.,0.));
#4046=CARTESIAN_POINT('',(-100.,32.,20.));
#4047=CARTESIAN_POINT('Origin',(-88.,32.,20.));
#4048=CARTESIAN_POINT('',(-100.,32.,0.));
#4049=CARTESIAN_POINT('Origin',(-100.,88.,0.));
#4050=CARTESIAN_POINT('',(-100.,88.,0.));
#4051=CARTESIAN_POINT('',(-100.,32.,0.));
#4052=CARTESIAN_POINT('',(-100.,88.,20.));
#4053=CARTESIAN_POINT('',(-100.,32.,20.));
#4054=CARTESIAN_POINT('',(-100.,88.,0.));
#4055=CARTESIAN_POINT('Origin',(-88.,88.,0.));
#4056=CARTESIAN_POINT('',(-88.,100.,0.));
#4057=CARTESIAN_POINT('Origin',(-88.,88.,0.));
#4058=CARTESIAN_POINT('',(-88.,100.,20.));
#4059=CARTESIAN_POINT('Origin',(-88.,88.,20.));
#4060=CARTESIAN_POINT('',(-88.,100.,0.));
#4061=CARTESIAN_POINT('Origin',(68.,100.,0.));
#4062=CARTESIAN_POINT('',(68.,100.,0.));
#4063=CARTESIAN_POINT('',(-88.,100.,0.));
#4064=CARTESIAN_POINT('',(68.,100.,20.));
#4065=CARTESIAN_POINT('',(-88.,100.,20.));
#4066=CARTESIAN_POINT('',(68.,100.,0.));
#4067=CARTESIAN_POINT('Origin',(68.,88.,0.));
#4068=CARTESIAN_POINT('',(80.,88.,0.));
#4069=CARTESIAN_POINT('Origin',(68.,88.,0.));
#4070=CARTESIAN_POINT('',(80.,88.,20.));
#4071=CARTESIAN_POINT('Origin',(68.,88.,20.));
#4072=CARTESIAN_POINT('',(80.,88.,0.));
#4073=CARTESIAN_POINT('Origin',(80.,32.,0.));
#4074=CARTESIAN_POINT('',(80.,32.,0.));
#4075=CARTESIAN_POINT('',(80.,88.,0.));
#4076=CARTESIAN_POINT('',(80.,32.,20.));
#4077=CARTESIAN_POINT('',(80.,88.,20.));
#4078=CARTESIAN_POINT('',(80.,32.,0.));
#4079=CARTESIAN_POINT('Origin',(68.,32.,0.));
#4080=CARTESIAN_POINT('Origin',(68.,32.,0.));
#4081=CARTESIAN_POINT('Origin',(68.,32.,20.));
#4082=CARTESIAN_POINT('Origin',(-10.,60.,20.));
#4083=CARTESIAN_POINT('Origin',(-10.,60.,0.));
#4084=UNCERTAINTY_MEASURE_WITH_UNIT(LENGTH_MEASURE(0.01),#4088,
'DISTANCE_ACCURACY_VALUE',
'Maximum model space distance between geometric entities at asserted c
onnectivities');
#4085=UNCERTAINTY_MEASURE_WITH_UNIT(LENGTH_MEASURE(0.01),#4088,
'DISTANCE_ACCURACY_VALUE',
'Maximum model space distance between geometric entities at asserted c
onnectivities');
#4086=(
GEOMETRIC_REPRESENTATION_CONTEXT(3)
GLOBAL_UNCERTAINTY_ASSIGNED_CONTEXT((#4084))
GLOBAL_UNIT_ASSIGNED_CONTEXT((#4088,#4090,#4091))
REPRESENTATION_CONTEXT('','3D')
);
#4087=(
GEOMETRIC_REPRESENTATION_CONTEXT(3)
GLOBAL_UNCERTAINTY_ASSIGNED_CONTEXT((#4085))
GLOBAL_UNIT_ASSIGNED_CONTEXT((#4088,#4090,#4091))
REPRESENTATION_CONTEXT('','3D')
);
#4088=(
LENGTH_UNIT()
NAMED_UNIT(*)
SI_UNIT(.MILLI.,.METRE.)
);
#4089=(
LENGTH_UNIT()
NAMED_UNIT(*)
SI_UNIT($,.METRE.)
);
#4090=(
NAMED_UNIT(*)
PLANE_ANGLE_UNIT()
SI_UNIT($,.RADIAN.)
);
#4091=(
NAMED_UNIT(*)
SI_UNIT($,.STERADIAN.)
SOLID_ANGLE_UNIT()
);
#4092=SHAPE_DEFINITION_REPRESENTATION(#4093,#4094);
#4093=PRODUCT_DEFINITION_SHAPE('',$,#4096);
#4094=SHAPE_REPRESENTATION('',(#2576),#4086);
#4095=PRODUCT_DEFINITION_CONTEXT('part definition',#4100,'design');
#4096=PRODUCT_DEFINITION('2026-09-09-21-08-05-656','FINAL BRAILLE TOP',
#4097,#4095);
#4097=PRODUCT_DEFINITION_FORMATION('',$,#4102);
#4098=PRODUCT_RELATED_PRODUCT_CATEGORY('FINAL BRAILLE TOP',
'FINAL BRAILLE TOP',(#4102));
#4099=APPLICATION_PROTOCOL_DEFINITION('international standard',
'automotive_design',2009,#4100);
#4100=APPLICATION_CONTEXT(
'Core Data for Automotive Mechanical Design Process');
#4101=PRODUCT_CONTEXT('part definition',#4100,'mechanical');
#4102=PRODUCT('2026-09-09-21-08-05-656','FINAL BRAILLE TOP',$,(#4101));
#4103=PRESENTATION_STYLE_ASSIGNMENT((#4104));
#4104=SURFACE_STYLE_USAGE(.BOTH.,#4105);
#4105=SURFACE_SIDE_STYLE('',(#4106));
#4106=SURFACE_STYLE_FILL_AREA(#4107);
#4107=FILL_AREA_STYLE('Steel - Satin',(#4108));
#4108=FILL_AREA_STYLE_COLOUR('Steel - Satin',#4109);
#4109=COLOUR_RGB('Steel - Satin',0.627450980392157,0.627450980392157,0.627450980392157);
ENDSEC;
END-ISO-10303-21;
